nams,channelA,channelB,rad8,rad10,rad12,rad14
Xanthomonas_campestris_pv._campestris_str._ATCC_33913,LIAIHTFLILCM,VSEETAVLNLMI,TSVANACLAFINDELHQVNIGPASVPLGIGSGN,TSVSVANACLAFINGDETLGCMLVIHQVHGNIGPASVPILLGIGSGLNCS,NTSVSVANACLAFINGMDVVDGETAAATLGCGAYVTRNCRGMTLGLAVIHQVSHTFIFHGNIGPASVPIVLLLGIGSGLNCSMA,--------------------MLFQNVSIAGLAHIDAPHTLTSKEINERLQPTYDRLGIKTDVLGDVAGIHARRLWDQDVQASDAATQAARKALIDANIGIEKIGLLINTSVSRDYLEPSTASIVSGNLGVSDHCMTFDVANACLAFINGMDIAARMLERGEIDYALVVDGETANLVYEKTLERMTSPDVTEEEFRNELAALTLGCGAAAMVMARSELVPDAPRYKGGVTRSATEWNKLCRGNLDRMVTDTRLLLIEGIKLAQKTFVAAKQVLGWAVEELDQFVIHQVSRPHTAAFVKSFGIDPAKVMTIFGEHGNIGPASVPIVLSKLKELGRLKKGDRIALLGIGSGLNCSMAEVVW
Actinomycetospora_chiangmaiensis,LMALHTVMVIAA,VSEETSAVQAMI,TSVGNACLGFLNAEVHQVNIGPAGVPMGVGSGN,TSVSLGNACLGFLNGAETVGCMLCLHQVHGNIGPAGVPTLMGVGSGINAA,NTSVSLGNACLGFLNGMNVVAGETSATTVGSGVFLGRNCVGMTLGLACLHQVSHTVQFFGNIGPAGVPTVLLMGVGSGINAAAA,MR----------------AAQRYDDVVITGLAHVDAPHVVTSTELEDRLAGTLGRLRITPGLLEKLSGIVERRVWDDGTMPSEVAARAGEKALAASGIDRDDIGILINTSVSRDHLEPSTASIVHGRMELSPEAGNFDLGNACLGFLNGMNVVATMIGAGEIDHGLVVAGETSRFAMESTIARLAGDDATRKMFHQQFATLTVGSGAVAMVLSRG---TSGHRFLGGLGRASTMGNELCVGQADEMRTDSGGLLAAGMELAGRAWKDAVSAFDWDTDSYDVYCLHQVSKVHTRAVADQLGLDIARFPSQFPRFGNIGPAGVPTVLSKAVEDGTVTDGSRVMLMGVGSGINAAAAEVIW
Actinoplanes_atraurantiacus,LEGVYLFVL-VL,ATEETPAFDEYM,ASATNACNSFLNTEFHQVNMASATLGVGLGGG-,ASATVTNACNSFLNGTETFGPYLLVHQVYGNMASATLGVLVGLGGG--VS,FASATVTNACNSFLNGIDVVTGETPAGTFG-DGAILDTPRGYSLFIGLVHQVTYLFTVLGNMASATLGVQLLVGLGGG--VSLM,-----------------------MNVGITGIAYALPAREVTTAELQRRVAPK-----LPPRMFEQATGITRRRVAADDEYASDLAVDAATKVLADTGRDPLDIDLLLFASATRDMAEPATAHVVQAALGSRAHAL--DVTNACNSFLNGIDLARSMILAGRARNALVVTGETPTRAMRPSLTSF-------SQARTALAGYTFG-DAGAAVLVE-------PVATGGILDHSEHWTRHPRGDEHTYFSDGRRLRAVFEEIGPGLISRVMNRLDHSWDSYAKVLVHQVTLPYLSRFVEVTGVPQDKLVVTVDELGNMASATLGVQLAR--TYPDLNPGDRVLLVGLGGG--VSLMTMVW
Agrococcus_casei,LMIPHVLLVLTM,VSEEDMVLDYMV,ASVTNACLGFVNAELHQINVGPASLPLGVGSGN,ASVSITNACLGFVNGAETLGCMLIPHQIHGNVGPASLPICLGVGSGLNTA,NASVSITNACLGFVNGMTIIAGEDMATTLGSGAIVTRHCIGMTLGLIIPHQISHVLTYLGNVGPASLPITLCLGVGSGLNTAML,--------------MRGNATTRHSNVALLGITEAVAPVEVSSKSFDDRLADTLKTLRLPKGLLQRVAGVTTRRNWEHPSDYIEGAADAGRRALEEAGVRPDQIGLLINASVSREMLEPSVAVAVHDSIGLSPAAMNFDITNACLGFVNGMTVAASMIDAGQIDYALIIAGEDMSRVQESTVERLRRDGITRDEYLNEFATLTLGSGAAAAVLGRADRHPEGHLIKGGVTRAATWNHGLCIGDYDGMFTDTQGLLDNGMQLISEAWAEAHD-NGWEWTTMDHYIPHQISHVHVNALTEATKIDADRVAKTYPELGNVGPASLPITLAR--KSGEMKQGDRILCLGVGSGLNTAMLEITW
Allokutzneria_albata,DLAIYVFVLLLV,ASEERV-VTVLV,AAASNACSSVFNCEVHQANVASATLPVGLASGS,AAASISNACSSVFNACETVSWLDCIHQAYGNVASATLPLLVGLASGLSLG,FAAASISNACSSVFNAIEIACGERVASTVSDAAEIGHSWSALHDGQACIHQAVYVFTLHGNVASATLPLQLLVGLASGLSLGVM,--------------------MTYSRIGQIAVHLPEGGRTSAEVELVAELNPGFE---PPEGLIERFTGVRYRHIAPEDTQASDLAVAAIEKLFASWGHGIDDVDLLIFAAASTDVIEPATAHIVSDKLG--GSCPVFDISNACSSVFNAIEVADALIRTGQYRRVLIACGERVS-------PGARYRDVTMDDFVHAGASHTVSDAGAALLVEASD-------EPGIIGHRSIANSSAWSATVVPLVHDKTLDLMKGLDQADITLLDAVAGFGLTMDDFDVVCIHQAVLAYVEVFCERAGIPYDRTVLTLADHGNVASATLPLQLVKAVESGRLNPGDKVLLVGLASGLSLGVMAMQW
Anaerocolumna_xylanovorans,LFAPIISLVFVL,LTEEVLFVVLFM,SALKNACNAFVCSEVTQINMSTASIPLGVANGN,SALTIKNACNAFVCASESVGSFLIPTQIIGNMSTASIPVLLGVANGFNVG,FSALTIKNACNAFVCAIEIASGEVLSTSVGDGG-ITADSDGFNLNRAIPTQITIISQILGNMSTASIPVALLLGVANGFNVGLV,--------------------MVKTMNYIAKLVGVGLPERVVTSEEMEAMMG-FDQLGIRKGMAKILSGVSERRFASDEINSSDLAVEAAKEAMEMAGKKAEDIDLVIFSALTQDVAEPATANIIMDKLNIRN-AKSFDIKNACNAFVCAIEIANMYIKCNDVKNVLIASGEVLSRFVKMDLLK------DPAKLKDVNSTFSVGDGGGAIVLERQESEEDF----GIITAFRTFPDTWSDGVLFYFQNESEELMKINFKRAMKFFEEQMEKMKIVREEIDLFIPTQITKYIIIKSSEVLKLPDDRVVSQIGTLGNMSTASIPVALSRAVNSGQLKTGQKVVLLGVANGFNVGLVYMSI
Auraticoccus_monumenti,LLASHILLILTF,VSEENILLDLMM,TSVSNACLGFINNELHQTNMGPAAAPLGIGSGN,TSVSISNACLGFINGNETLGCMLVSHQTHGNMGPAAAPFMLGIGSGLNTS,NTSVSISNACLGFINGMQIVNSENIATTLGCGTLTHKHCVGMTLGLAVSHQTSHILSLFGNMGPAAAPFTLMLGIGSGLNTSFA,MA--------STATTSLRNAYRLQDTVILSATAVEAPERVTSAWIDEQLSETYSRLSMTPGKFEELAGVVARRWWPSGVSFIDGAAEAGAKALAEAGVEPGQVGLLINTSVSKDHLEPSAAVQVHDAIGLPATCLNFDISNACLGFINGMQVAGTMIDAGQIDYALIVNSENIRGLQEKAIARLQRPETTVAEVREQFATLTLGCGATAMVLGRGDQSSGGHRLLGGTHKSATHHHDLCVGDLSFMRTDTRGLFEAGLALALETFEDSAEEFGW--HEVDHLVSHQTSLVHIAALCARLGLDQAKFPLSLPEFGNMGPAAAPFTLATSQD--RFEPGDRVMMLGIGSGLNTSFADILW
Bacillus_sp._7586-K,FTFPAMILTLIG,GTIEIAGFNYDM,GSGNSTCLSFLTSEFHQANMIAASIPLGTSAGS,GSGTINSTCLSFLTASELFGHDFVPHQAAGNMIAASIPMLLGTSAGLSIG,SGSGTINSTCLSFLTALDIVSSEIASSLFGDGVYAHLTHPRDKFGIFVPHQASAMIIIYGNMIAASIPMALLLGTSAGLSIGGI,---------------------MKRNIKITGIGSYLPKRIVDGAEID-------KIIGAKNGWSEKKSGVKQRYFVT-DETASYMGAEAAKKAIADAGIELNELDCIVSGSGTMEQAIPCNASLIQEQLGLQHSGIAFDINSTCLSFLTALDMISYAMESGRFNHVLIVSSEIASVGLN---------------WSQNESSILFGDGAVAYVFSKHIIASRMETYSAGAHLSEIRGTKIHPRNYAEDTKEDFLFDMDGTAIFKLSYKLLPTFIELTMDDIKMIVPHQASASAMKIIRKKLSVNEERFMTIIENYGNMIAASIPMALYEAIKQGRVKRGDKVFLLGTSAGLSIGGILFEY
Bacteriovorax_sp._BAL6_X,LKAGHKVVILCV,VCEENSLIDGMT,SSVSNACLGMVSSEIHQVNTGSAALPVGIGSGS,SSVCISNACLGMVSASETIGCMLIGHQVHGNTGSAALPILVGIGSGLSCS,NSSVCISNACLGMVSAWEILSGENSANTIGSAVITNRNCQGMTLGLAIGHQVGHKVTFLGNTGSAALPITLLVGIGSGLSCSVL,--------------------MKYNNVVIEDYAYIEPPEILTSDKLEELLGPIYTRLKLPHGRLELMTGIKSRGFWPNSTRPSSIATEAGNKLLDKSKKGIKKINLLINSSVCRDFLEPSTASVIHANLEMPSECMLFDISNACLGMVSAWEIVANMIETGAIKRAIILSGENSAPLLDNTIKTLNEDQITRKSVKKYFANLTIGSAGVAYCLSHKDEAPNAPRITSITNRSDSKANKLCQGDGNVMETDSEELLKYGKALAKKTF----DDSGLNPKEIDIVIGHQVGKAHKEVVLGKLGLNKHDTFDTFDTLGNTGSAALPITLAKMNDVKGIEKGKKIALVGIGSGLSCSVLGVTW
Bacteroides_luti,VIVLIDICFLWS,VSEDTIPMNKVT,VSVPMACSGYCYVDMHQANTSSGTIPCGFGAGS,VSVSIPMACSGYCYGVDPMYEVVLLHQAIGNTSSGTIPMLCGFGAGLSWA,YVSVSIPMACSGYCYGLSLLVGDTISAPMYFNMVITIIEPGVMVTSVLLHQANIDICLFGNTSSGTIPMTMLCGFGAGLSWASV,MA-----------------FLSVNNVEIVGLAAA-VPKNVETLDNLEFFAPG------EAEKVMALTGIKERRIAPREMVCSDYCTIAAEKLMDELKWDKESIDTLVYVSVSRDYIEPNTATVIQGKLGLKSECITFDIPMACSGYCYGLSIVASLLSSGCIKRALLLVGDTIISPLDKTLWPIHGDAGTATALEYNISAKPMYFNLMSDGTQFNAIIAPSSGVREPITIDSLKIIELEPGNKTHVAMDGMAVFSFTITSVPKCIKSLCEHFNLDIQDLDYLLLHQANKYIDEKIRKKLKVSEDKVPYCLEYFGNTSSGTIPMTMVTQIREKLSNSQNRMVLCGFGAGLSWASVYIET
Brachybacterium_alimentarium,LIIPYTFMVLTM,VSEEDVVLDMMV,ASVTNACLGFVNGELHQVNVAAEAVPMGVGSGN,ASVSITNACLGFVNAGETLGCMLIPHQVYGNVAAEAVPMLMGVGSGLNTA,NASVSITNACLGFVNAMTIVGAEDVASTLGSGALQSRHCVAMTLGLIIPHQVSYTFTFWGNVAAEAVPMTLLMGVGSGLNTAMM,MANG----NGNTGFVHRNASLLSVEMTLPQV-------TVTSDEIDEMLSPARKRLRLPKGVLQRVAGVYERRWWDPQNGWKQGVVLAAERAMAKAGIMRDQVGLLINASVSRQHLEPAVSTGIHHSLGMPSSCMNFDITNACLGFVNAMTMAAGMIDAGQIQYALIVGAEDVEQVQRGTIDRLNAKNSTRADFNNQFASLTLGSGAAAAVIGPTDKHPEGHRLKHTQSRAGTEHHELCVADMQDMRTDSAGLLENGIQLILDTWKGANED-GLDFKSIHHVIPHQVSMVYTRNFSKITGVGMERIPVTFPDWGNVAAEAVPMTLASIQD--DVKRGERVLLMGVGSGLNTAMMEVEW
Cephaloticoccus_capnophilus,LVACHRLLILSM,VCEEDSLVETMT,AAVSNACLGFLNCEVHQVNTGSVALPLGIGSGN,AAVCLSNACLGFLNACETVGCMLICHQVHGNTGSVALPALLGIGSGLNSL,HAAVCLSNACLGFLNALTITCGEDSANTVGSGVLVVRSCQGMTLGLAICHQVGHRLTFLGNTGSVALPATLLLGIGSGLNSLML,--------------------MKFSQTYIESLAAALPDEILTSAEIERRLAPLYERLHLPEGRLELMTGIRERRLWPAGTRASDASARAGRAALAKSCIRPEQIELYIHAAVCRDMLEPATAAFAHRKIGLSPNCQIFDLSNACLGFLNALTLAASMIEAGQIRAALITCGEDSRPLVEQTLRTLNAEPLTRNGIKPYFANLTVGSGAVGAVVCHESLVPEAHRLIGGVVRAATAHSELCQGETHAMQTDSEALLIAGVTLAHETWGQFCEETGWDAATPSRFICHQVGSIHRRKLYDTLGIDLAKDFSTFEFLGNTGSVALPATLALAVEKGVVRSGDKVALLGIGSGLNSLMLAVEW
Chlamydiales_bacterium_SCGC_AG-110-P3,LLAIHTVMIIVM,VCEEGSILQVMI,TSVGNACLAFVDDELHQVNIGPASIPMGIGSGN,TSVCIGNACLAFVDADETLGCMLIIHQVHGNIGPASIPIVMGIGSGINVT,NTSVCIGNACLAFVDAIGIVDGEGSASTLGSGVVVTQNCTGMTLGLAIIHQVSHTVIYFGNIGPASIPIAFVMGIGSGINVTMM,--------------------MEFSNVSVLSAAHIDAPHIVSSQKIESELEPMLTRLGLRPNIISELTGITARRFWDEKTAPSDVATCAAERVLEKAELDRSKIGVIINTSVCKDYIEPSVASLVHGNLKLSSHCINFDIGNACLAFVDAIGIVGNMIERGQVDYALIVDGEGSRFITEETIKRLLDPNCSELEFRSNFASLTLGSGAVAMILCNSKFVDGQHRVISSVTQAATEYNRLCTGQVDKMQTNANTLFKKGLELAHQTMQLAIDKMGWFQKDFAQYIIHQVSENHTSQVAKLFNLDLDKVYKIYRDFGNIGPASIPIAFSKALDEGCIKEGDRVGVMGIGSGINVTMMEILW
Clostridium_combesii,IRGPINMSVIIT,VSEEALWIGGFV,CSVKNACNAFLTSEITQVNVGASNIPSGVGVGN,CSVSVKNACNAFLTGSESIGVFIIPTQVIGNVGASNIPIMSGVGVGINIA,FCSVSVKNACNAFLTGIDVVSGEALVTSIGDGGIIFRNVWGFRIQLGIPTQVAINMVVFGNVGASNIPIATMSGVGVGINIATI,-----------------------MRSRIKGVGRY-LPNRIVTSEEAEELA-GFKKLGVRKGLCKMLTGCEERRYSDTNEYSSHIAAKAAIDAMKKAGVSSDEVDALIFCSVSQDFAEPATANVVMDLLNIKN-AFGFDVKNACNAFLTGIDIADSLIKTGKADIVLVVSGEALSKWINFKFES------KEELIRRAPVTLSIGDGGGAFIMGREE--DDNKGIVKGIFRTYAEWNNVVWGGGVRFPRDTKVIIDEQRNLGKNLLPILEREVGWNFQDVDCYIPTQVAKWINKSMSNELSFPIEKIIQVVDKFGNVGASNIPIATYEAIMDGRLKTGSKTLMSGVGVGINIATIAVIL
Desulfobacter_curvatus,VVVGHHFVVLCF,VCEESAIGSRMV,CGVKSACLGMITSEGHQVNVGSVSLPVGVGSGN,CGVCVKSACLGMITGSETGGCMVVGHQVHGNVGSVSLPIFVGVGSGLNCY,FCGVCVKSACLGMITGMVVVSCESAATTGGSGAHVVNWCSDMTVGLVVGHQVGHHFTFLGNVGSVSLPISAFVGVGSGLNCYFL,--------------------MKYDKVFIESFGYELAPHIVTSQEIDEKLAPFFEAVGFVPGQLEALTGIRERRYWDEDHTIAEHAAVAGKRALDEAGISPKELGALCFCGVCQDGFEPATSCAVADMIGVGPRAHVYDVKSACLGMITGMVHVANEIQLGHIKAGLVVSCESARQIVDATIEEINTHK-SIDFYREAVATMTGGSGAAAILLTDGTLGPSTQRHKGGVVNNAIRHWNLCSDSRVIMRTNAQKVLDHGVELVVETYEMFRKEFNLSADQPDKIVGHQVGEGHHNRFYTAMNIDRKKDFSTFPFLGNVGSVSLPISAAIADERGFFVPGDFVVFVGVGSGLNCYFLGVEW
Desulfobulbus_elongatus,LIACHALLIIAM,VSEETALIGQMV,TSVSNACLGFLDAEIHQVNVGSVSAPLGIGSGN,TSVSISNACLGFLDGAETIGCMLFCHQVHGNVGSVSAPIILGIGSGINAL,FTSVSISNACLGFLDGMVVVAGETAASTIGSGVLACRNCQGMTLGTAFCHQVGHALTLLGNVGSVSAPITMILGIGSGINALML,------------------MNLRYSRVCLHEFGYQLPPVELSSTTIEERLGPLYERLKLPAGRLELMTGIAARRLWQPGTRPSAGAAAAGAAAIARAGIDVAELECLLFTSVSRDMMEPATAAFVHRALGLPPDCLLFDISNACLGFLDGMVMLANMLEMGQVRAGLVVAGETAENLIDSTLAHLLATTLTRKTIKPLFASLTIGSGAVALVMSRSDCRDTGHYLRGGACRANTAHNDLCQGGQNLMSTDSEQLLEKGIETAAACWRSFQTALGWDKGAIDRFFCHQVGKAHAQMLFETLQLDPARNFETLPTLGNVGSVSAPITMALGIEQGALVPGQRAAILGIGSGINALMLGIDW
Granulosicoccus_antarcticus,LTGIHTMVVLAF,VCEEGTILSLMI,TSVSNACLGFVNDELHQVNIGPAAVPVGVGSGN,TSVCLSNACLGFVNADETLGCMLIIHQVHGNIGPAAVPFLVGVGSGLNAA,NTSVCLSNACLGFVNAMHIVDGEGTASTLGSGALEFRHCVGMTLGLGIIHQVSHTMTFYGNIGPAAVPFTLLVGVGSGLNAAFL,---------MKGCAVSNNFQYQFNDVAIVSIEACDAPVVVTSAAIDEALAPFLERVGAETGLLQKLAGIEERRQWPDDISFIEASALAGEKAIAASGIDPSRIGMISNTSVCRDRLEPSSAVSVHDRLGLSPHCINFDLSNACLGFVNAMHLAGTLIESGQIEYALIVDGEGTREIQQNTINRLLDEHSSMADLFSNFASLTLGSGSAAMILGRHSTNPGSHRLGRGEFRAATEHHDLCVGSLESMRTDTRALLEAGTQLGKICWDQADSD-DWG--DMDRYIIHQVSRVHTAAMVEILGIDHKRVPLTFPKYGNIGPAAVPFTLAK--EAETLNEGDRVLLVGVGSGLNAAFLEITW
Intrasporangiaceae_bacterium_URHB0013,LISAHVMMVLVC,VSEESSTLDLMM,TSVANACLGFVNDELHQINMGPASVAMGVGSGN,TSVSLANACLGFVNGDETLGCMLIAHQIHGNMGPASVAFMMGVGSGLNVS,NTSVSLANACLGFVNGMQIVDGESSATTLGSGAIVARHCVGMTLGLSIAHQISHVMTFRGNMGPASVAFTLMMGVGSGLNVSCL,--------------MSGNATYRHTQAAVLSICAVDAPVVVTSDEMDQRLLTTYQRVGLKPGMLARLAGIHERRWWPEGVSFTEGAAIAGGKALAEAGVDPSRVGLMVNTSVSREHLEPSMAVQIHHALGMPTSCLNFDLANACLGFVNGMQLAATMIDSGQIDYALIVDGESSRHTQEVTLDRLSSPDATVDDVLSQFATLTLGSGAAAMVLGRADLHPQGHRIVGGVARAGTEHHDLCVGDLEWMRTDTRGLLEAGIALSRAAWQDARAEFDWS--DMDRYIAHQISQVHVRAMCDALDIPPERLPLTFPTRGNMGPASVAFTLA--MEADSLAAGDRVLMMGVGSGLNVSCLEIAW
Isoptericola_variabilis,LLVTHTIMVITM,VTEEDAVLSAMV,TSVANACLGFINDELHQVNVGPASVPMGVGSGN,TSVTVANACLGFINGDETLGCMLVTHQVHGNVGPASVPILMGVGSGINTA,NTSVTVANACLGFINGMSVVDGEDAATTLGSGALVTRHCVGMTLGLVVTHQVSHTITFLGNVGPASVPITLLMGVGSGINTAMM,--------------MDGNATTRFSNVSLLAVTRRLPSRVTTSAEIQGLLAPALRRLRVPGRLLERVAGVHARRSWGPDEDCDAATVAAAQEALDRAGVAPDDVGLLVNTSVTRKHLEPSVAVALHHGLGLPSSAVNFDVANACLGFINGMSIAAGMIESGQIRYALVVDGEDADEVRATTVERLLRDGVGREDFMQEFATLTLGSGSATAVLGRADEHPEGHRLLGGVTRAATRFHDLCVGSAKGMFTDARALLDGGLELVVDAWKEA--VSEWDWASMDRYVTHQVSRVHTDAIVEAVGLDRSKVPTTFPRLGNVGPASVPITLAE--EAETLRRGDRVLLMGVGSGINTAMMELAW
Lysobacter_tolerans,LMAVHTLLILCM,VSEETAALNLMI,TSVANACLAFINDELHQVNIGPASVPLGIGSGN,TSVSVANACLAFINGDETLGCMLVVHQVHGNIGPASVPILLGIGSGLNCT,STSVSVANACLAFINGMDVVDGETAATTLGSGAYVTRNCRGMTLGLAVVHQVSHTLIFHGNIGPASVPIVLLLGIGSGLNCTMS,--------------------MLFKNVAIAGLAHVDAPHSLTSDEINLRLKPTLDRLGIRVDVLKDIAGIHARRLWGSDKLASDAATEAGILALKDAGIQSGQLGLLVSTSVSRDYLEPSTASIVAGNLQVGDTCQNYDVANACLAFINGMDMAARMIERGEIDYALVVDGETADLAYEKTIERMLRPDSTEDEFRNELATLTLGSGAAGMVLARAELHPEAPRYKGGVTRSATEWNTLCRGNLDRMVTDTKQLLVQGMNLAGKTFVAAKQAMGWAVHELDQFVVHQVSKVHTQTLIQKFGIDPKKVMTIFGEHGNIGPASVPIVLSKLKQAGRLKKGDRIALLGIGSGLNCTMSEVVW
Micromonospora_avicenniae,LEGVYLFLLV-I,ASEETPSFGIFV,ASATNACNSFLNTEFHQVNVASATIGLGLGGG-,ASASLTNACNSFLNGTETFGTFLLVHQVYGNVASATIGVCLGLGGGV--S,FASASLTNACNSFLNGIDVVTGETPAGTFG-DGL-VQETAGFGLFIGLVHQVTYLFTVLGNVASATIGVQLCLGLGGGV--SIT,MVHTRTAD-----------ASPATRVGITAAAAALPERVVTSAELQEQVE-RESGITLPPRLFSRMTGIDTRRVAGPEEHASTLAVRAARAVLGSAAADPDDVDLLIFASASRDMAEPATAHIVQADLGTRAH--VFDLTNACNSFLNGIDTARAFILAGRARRVLVVTGETPTRSMRMRAS-------SAAQVRSAFAGYTFG-DAGAAVLV--EQVPTGGILD---VQTATFSEHWTAGGIDYFHGDGGKLRSIFERIGLDVLRAVHHRTGLDWSDYEKVLVHQVTLPYLTRFMELARVPEEKLIVTVPELGNVASATIGVQLARINE--KLASGSRVFCLGLGGGV--SITTMVW
Mobilicoccus_massiliensis,LLAAHILMILTM,VTEEGAMLGMMI,ASVTNACLGVVNAELHQTNIGPVALPMGIGSGN,ASVTVTNACLGVVNSAETLGCMLVAHQTHGNIGPVALPFLMGIGSGLNTS,NASVTVTNACLGVVNSLQIVASEGAATTLGSGVIITRHCIGMTLGLAVAHQTSHILTVYGNIGPVALPFTLLMGIGSGLNTSMT,--------------MSENASYRLANCSILSVSTVEAPEVVTSDHLDELLQPAYDTTGMMAGQIERLAGVRERRWFPKDADYTRGAVEAGRQAIADARIDADRIGLIVNASVTRPHLEPGISAMVHAELELPRSCIAFDVTNACLGVVNSLQIAGTMIDAGQIEYALIVASEGARQMQEASIARLVDGG-SRQDVKDAFATMTLGSGAVGIVLGRSDRHPEGHQIIGGITRAGTEHHELCIGGMDGMRTDASKLFVEGLSLATDAWAEAKG--EWDWEEMDWYVAHQTSTAHIACLCDTLKLPAEKFPVTVDTYGNIGPVALPFTLGMYQHKMR--KGDRVLLMGIGSGLNTSMTEVRW
Mycolicibacterium_obuense,ESVLVLVAAFIG,IAEE--TLPIHT,GGITCACAGLIEAELHQPNTASTAWAASAAAGT,GGIAVTCACAGLIEAAETLGCHEALHQPVGNTASTAWALMASAAAGFTIV,YGGIAVTCACAGLIEAMHVCAGE--AGTLGNAALFHKYCKTHTELHVALHQPSVLVTHFGNTASTAWALALMASAAAGFTIVGA,--------------------MTLPTLYFSRPATVLPDTAMDNDEVLALVRPAEEWIGVEIRYVFDRCNTKTRYLDQTTLMPAEFATQAAQACLERTGVSATDLDLVVYGGIARGNFEPATAAEVAGLLG-ARPLHAVDVTCACAGLIEAMHTVAGYFAHPEMKTALVCAGE---LTRDRIAYDMGS----LQDVAVFAAGLTLGNAAAAMVVSREPLPGGSARLEGIFHKTLCEHYDLCKTPIDGHFTSKSKELFALSVHVPPAIREMLGELGWSSEEIDHYALHQPSEAVLERVFTELGARPQACVHTHSLFGNTASTAWALALEYRLEHGTVEPGDKIVMASAAAGFTIVGAAAVW
Nonomuraea_candida,LQDVALVVVIAT,VSEEVIAVRVFL,AGVRNACNSVLNCEVHQPNLAASTIPVGVASGS,AGVSVRNACNSVLNACETVSGFLCVHQPAGNLAASTIPMLVGVASGISAG,YAGVSVRNACNSVLNAIEIACGEVIPSTVSDSSVFCAEGALFILVLDCVHQPSALVTIHGNLAASTIPMQLLVGVASGISAGTV,MS------------APR-----YSQVSAVAVRLPD--EDLTTPELEELLAERNPRVDVPRGLIERLSGVRRRHVAPPGVLPSDLAVAAARDVLRQTGHAPPAIDLIIYAGVSADAVEPATGHMVAAKLGA--DCPVFDVRNACNSVLNAIEVADLFITSGRHRTVLIACGEVITAAMPWRLA-------SEEEFTTAVPSYTVSDSGSALLLQAAD----APGVLGRFCANSADWEGAGALRVGAFTIDSVGLAIGVQKLDREIWRRPLAEHGLDWDDMAAICVHQPSLAALGAVCELAGIPRDKAEVTIADHGNLAASTIPMQLHLATEAGRVRRGDLVALVGVASGISAGTVLLRW
Paenibacillus_polysaccharolyticus,ISLPAMIITLLG,GTLEIAGFDPFT,TSGDATCLSFLNAEFHQGNTIAASIPIGTAAGS,TSGTMDATCLSFLNGAELFGAFIIPHQGAGNTIAASIPMMIGTAAGLSLG,CTSGTMDATCLSFLNGLDLVATEIASALFGDGAIGTRYAHPFMIALLIPHQGSAMIITHGNTIAASIPMGLMIGTAAGLSLGGL,--------------------MQLRRVRIAGTGKYLPQMKVTDEELDERLH-------VPAGWVSKATGVGYRYYASDEETSSYMGARAAEAALADAGLSFGEIDCLVCTSGTKEQPLPSTAVFIQQAMGQEESGVAFDMDATCLSFLNGLDVISYMVDAGRYQRVLLVATEIASAGLN---------------WKDPESAALFGDGAAAVIIERSQIVHRFSEIAGGGTRHHAAQYDVAHPDPFLFHMDGQAIFRMASKLLPGFMNEMLQASGDRMEDFSLVIPHQGSAMAMRLIRKKLGIPAERFMDITQGHGNTIAASIPMGLHEAIRQQRIERGDRVLMIGTAAGLSLGGLIFDY
Psychromonas_aquimarina,LVACNQVLILCM,VCEESAIGGLMM,TGVSNACLGVLSSEGHQVNMGTVSLPLGIGSGN,TGVCISNACLGVLSGSETGGCMLICHQVNGNMGTVSLPVFLGIGSGLNCM,YTGVCISNACLGVLSGMLVVSCESAATTGGSGVHSHLNCKWMTLGLAICHQVGNQVTFLGNMGTVSLPVTAFLGIGSGLNCMML,--------------------MKYSRVFINSLAYELAPHAVSSSELESRLAPLYQKLRIPMGQLAALTGIQERRWWPSDHRLSDGAIEAAKKTIDETGVNINDVGAVVYTGVCRDQHEPATACRIAAELGVNNSTAIYDISNACLGVLSGMLDIANRIELGQIKAGLVVSCESARHIVDITIDNMLE-NQTIQNFSQSLATLTGGSGAVAVLLTDGSLLKNSRQHKGASHLSAPEHNDLCKWGLQEMRTNAVPLLKEGVALALDTWKHFLSQRNWVNEQVDKVICHQVGSANQKQVLAALNIPAHKEFPTFQKLGNMGTVSLPVTAAMAHDQGFLKKGDNVSFLGIGSGLNCMMLGLEW
Saccharothrix_espanaensis,FAKVYLFVLVLL,ASEEAPALGGYV,ASAKNACNSVLNSELHQVNVASASLPVGLAGGS,ASASVKNACNSVLNGSETLSTYFGVHQVYGNVASASLPLLVGLAGGVSLG,FASASVKNACNSVLNGIEVASGEAPPGTLSDAALFTADTLGYRFGLKGVHQVSYLFTLHGNVASASLPLQLLVGLAGGVSLGLV,MG-----------------------TQLAGVAVHLPEQQVSTTEVERRLAPFTPPAGLIHRLTG----VESRHVMGEHEQASDLAVAAARKLLAETGTAAADVDLLLFASASQDMVEPATAHIVAAKLEL--RCPVMDVKNACNSVLNGIEVADALIASGRYRTVLVASGEAPSRAVRWQVGGL-------AEFLRAFPGYTLSDAGAALLLTRGE----EGVLGCGFTADSSRWDVGTLGGGSRYPRDRTYFDMDGARLKDAFLGLGRGVLGLTWDDFAVIGVHQVSLPYLDMFARQVGVPTDRLVITLPQHGNVASASLPLQLVTARQLGRCGPGDLVALVGLAGGVSLGLVVIRL
Virgibacillus_salinus,VVMPIMAVFLWA,VTFEKLIFDELN,ATVSAACSGFMYGEFHQANNSSASIPVGFGGGT,ATVTISAACSGFMYGGELFGYLVVPHQAIGNNSSASIPILVGFGGGLTWG,VATVTISAACSGFMYGVVVVGAEKLTCLFGDGGGLSFKYQNLMVAQMVPHQANIMASIYGNNSSASIPIALLVGFGGGLTWGAI,-----------------------MNVGLLGTGHYVPTNVVTNKDM-EKIVDTND------EWIRTRTGIEERRIASDDINTSDMAFFAAQEALKESNVKAEDIDLILVATVTPDTPFPSVSCMIQDRLG-ARKAAAMDISAACSGFMYGVVTAKQFIETNAYKNILVVGAEKLSKITD---------------WSDRNTCVLFGDGAGAAVVG------PVSEGKGILSFELSGGKELYQNDEDHLMMNGREVFKFAVRQMPDSSVNVVEQAGYNKEDVDYLVPHQANIRIMEAAREKLGISEEKMATSIKRYGNNSSASIPIALSEGVKSGKIKDDDLVVLVGFGGGLTWGAIALRW
Agreia_bicolorata,LMVMHTIMVLTM,VTEEDAILSVMV,TSVANACLGFVNDELHQVNVGPASIPMGVGSGN,TSVTIANACLGFVNGDETLGCMLIMHQVHGNVGPASIPILMGVGSGLNTS,NTSVTIANACLGFVNGMAIIDGEDAASTLGSGAMITRNCVGMTLGLVIMHQVSHTITFLGNVGPASIPITLLMGVGSGLNTSMM,--------------MDGNATTTHRNVALLSVATTMATRITTSAEIDRRLAPSLKRLKLPTGLLQRVAGVHERRNWGEGQTFDDAAIEAGKKALAEAGIRPDQVGLLINTSVTRKHLEPSVAVRIHHGLGLPSSATNFDIANACLGFVNGMALAGQLIDAGQIDYAVIIDGEDADEIQVNTIERLGREGIKRKDFMSEFASLTLGSGAAAAVIGRADLHPEGHRMLGGITRAATQFNDLCVGSVDGMFTDAKALLKGGMELVVSAWKDAKR--QWSWSHMDRYIMHQVSSVHTNAIVKAANLDATRVPVTFPLLGNVGPASIPITLAQ--EASKLVRGNRVLLMGVGSGLNTSMMEIAW
Arthrobacter_globiformis,LLVTYTIMVLTM,VTEEDATLGIMV,TSVANACLGFVNNELHQVNVGPASLPMGVGSGN,TSVTLANACLGFVNGNETLGCMLITHQVYGNVGPASLPMCMGVGSGLNTA,NTSVTLANACLGFVNGMTIVNGEDAATTLGSGAIVMRHCVGMTLGLVITHQVSYTITFWGNVGPASLPMTLCMGVGSGLNTAMV,-----MQDGNEQGLDLAGNATFRHNTALLSVSSVEAPRIVSSTDFDRRLASTLQRLKFPPRLLERVAGITHRRWWAAGTSFDDAAVEAGAKALAEAGVEASDIGLLINTSVTRRNLEPSVAVKIHHGLSLPSSAMNFDLANACLGFVNGMTLAANMIDSGQIKYAMIVNGEDAQATQEATLARLQRPETTREDFNREFATLTLGSGAAAAVLGPADQHPGAHRILGGVMRAGTEHHELCVGGIDGMATDTKGLLDGGLRLVVDAWNEAQPEWDWA--SMDRYITHQVSTAYTQAIIGAIDLDPDRVPITFPHWGNVGPASLPMTLA--AEAQTLGTGDRVLCMGVGSGLNTAMVEIVW
Brevibacterium_mcbrellneri,LMVTHTMMVLTM,VTEEDAVLDHMV,TSVANACLGFVNAELHQVNVGPASLPMGVGSGN,TSVTIANACLGFVNGAETLGCMLVTHQVHGNVGPASLPIAMGVGSGLNTA,NTSVTIANACLGFVNGMTVVAGEDAASTLGCGAIVTRHCVGMTLGLVVTHQVSHTMTFLGNVGPASLPITLAMGVGSGLNTAMT,LLDARIERTLLNGRTPGNTTFRHNNAALLGIAETTAPNPVSSGSFDEKLASTLKRLHLPQGLIRRVAGVDYRRNWDNPHDFIAGAVNAGKQALERAQVDADQIGVMINTSVTRETLEPSVAVSIHHGIGLPTSAMNFDIANACLGFVNGMTVVSTMIDSGQIDYGLVVAGEDATRVQQATLNRLSQDDITRAEYLNEFASLTLGCGAAAAVLGPADRHPEGHRILGGVTRAGTWNHELCVGDHNGMFTDATGLLTNGMELVINAWNEAHED-GWDWNDMTMYVTHQVSKIHTNEMAKTASLDLDRMPVTFPELGNVGPASLPITLARNAD--SLKSGDRILAMGVGSGLNTAMTEIVW
Cellulomonas_cellasea,LMVLHTIMVLTM,VTEEDAILSVMV,TSVANACLGFVNAELHQVNVGPASIPMGVGSGN,TSVTIANACLGFVNGAETLGCMLILHQVHGNVGPASIPILMGVGSGLNTA,NTSVTIANACLGFVNGMNVVAGEDAASTLGSGAIVTRHCVGMTLGLVILHQVSHTITYYGNVGPASIPITLLMGVGSGLNTAMM,--------------MSGNATSRHRNAALLALASTTPDRVTTSADIDRRLAPALKRLRLPRGLLQRVAGVHERRNWADGQTFDGAAIAAAEKALAESGIDRREVGLLVNTSVTRKHLEPSVAVRIHHGLGLPSSAVNFDIANACLGFVNGMNLAAQLIDAGQIKYAVVVAGEDADDIQNNTIERLIGDDITRADFMQEFASLTLGSGAAAAVVGPADAHPEGHRILGGVTRAATQFHDVCVGSVEGMYTDTRALLEGGMELVLAAWTEARHEWDWAA--MDRYILHQVSDVHTKAIVKAAGLDRSRIPTTYGRYGNVGPASIPITLAH--EASSLEPGDRLLLMGVGSGLNTAMMEIAW
Clavibacter_michiganensis,LMVLHTIMVLTM,VTEEDAILDVMV,TSVANACLGFVNDELHQVNVGPASIPMGVGSGN,TSVTIANACLGFVNADETLGCMLILHQVHGNVGPASIPICMGVGSGLNTA,NTSVTIANACLGFVNAMTIVDGEDAPSTLGAGAIVTRHCIGMTLGLVILHQVSHTITYYGNVGPASIPITLCMGVGSGLNTAMT,------------MLLNGNATFRHRNTSLLGLASVLAPHTVTSVEIDDRLKPVLSRLRLPTGLLQRVAGVLERRNWDTSMSFDAAATEAGRTALAQAGVQPSQIGLLINTSVTRAHLEPSVAVSIHNGLGLPSSALNFDIANACLGFVNAMTLAGHLIDSGQIDYAMIVDGEDAGEIRHNTVARLLRPETTRADFLSEFPSLTLGAGAAAAVLGRTSDHPEGHRILGGVTRAATQHHELCIGDVDGMFTDTKELLRGGMELVVDAWKEAAQD-DWEWSDMDRYILHQVSDVHTNAIVKAAKLDKSRVPLTYPRYGNVGPASIPITLADQAD--SLSRGDRVLCMGVGSGLNTAMTEILW
Dermatophilus_congolensis,LIAAHILMILAF,VTEESSMLSMMI,ASVTNACLGVVNAELHQTNIGPAAMPMGIGSGN,ASVTVTNACLGVVNGAETLGCMLVAHQTHGNIGPAAMPYLMGIGSGLNAS,NASVTVTNACLGVVNGMQIVASESSATTLGSGVLITRHCVGMTLGLAVAHQTSHILTIYGNIGPAAMPYTLLMGIGSGLNASFV,--------------MSGNASYHLSNCSILAVTTVEAPEIVTSAELDTALAPAYTETRTVAGQLERLAGVKQRRWFPADEDFTDGAVEAGRRALHTAGISPEQVGLVINASVTRPHLEPGISAKVHAELGLPRNCMDFDVTNACLGVVNGMQIAGTMIDAGQIRYGLIVASESSRQMQEATIKRLNAGGATKSDVKQAFATMTLGSGAVAILIGPTDAHPEGHRLLGGITRAGTEHHRLCVGSMDGMRTEASKLFREGIDLALDAYTESAED-GWDWKDMDWYVAHQTSTAHIATLAQRLGKPLEKFPTTISEYGNIGPAAMPYTLGTFQD--QFATGDRLLLMGIGSGLNASFVEVQW
Geodermatophilus_obscurus,LLSVHTMMILVC,VSEEDAVLDNML,TSVTNACLGFVNNELHQVNLGPASVPMGIGSGN,TSVSVTNACLGFVNGNETLGCMLIVHQVHGNLGPASVPYLMGIGSGLNVS,NTSVSVTNACLGFVNGMEVVNGEDAATTLGSGALVSRHCVGMTLGLSIVHQVSHTMTFRGNLGPASVPYTLLMGIGSGLNVSCL,--------------MSGNATHRFGNTAVLALQTTDATRVVTSDALDDALADTYRRVGLRPGLLERLAGIRERRWWGEGVTFVDGAAEAGAKAISESGVDPAGIGVMINTSVSRRWLEPSTAVAVHHALGLPRSCQNFDVTNACLGFVNGMELAAAMIDAGLVEHALVVNGEDAQPVQERTLDRLNQPGTGSKDVIAQFATLTLGSGAAAMVLGRADRHPEGHRLVASVSRAGTEHHELCVGDNDLMRTDLKGLLDAGLALSEDMWADAAAEVDWAG-GMSRYIVHQVSKVHTQAMCDRFSIDPALVPTTFPTRGNLGPASVPYTLAG--EQDSLVDGDRVLLMGIGSGLNVSCLELAW
Kineosphaera_limosa,LLAAHILMILTM,VTEEGSMLGMMI,ASVTNACLGVANAELHQTNIGPVAMPMGIGSGN,ASVTLTNACLGVANAAETLGCMLVAHQTHGNIGPVAMPYLMGIGSGLNTS,NASVTLTNACLGVANAMHIVASEGSATTLGSGVVVTRHCVGMTLGLAVAHQTSHILTLYGNIGPVAMPYTLLMGIGSGLNTSMT,--------------MSENATYRLANTTILSVSALEAPQVVSSAELDESLAPAYARHGVKAGQIERLAGVVQRRWYPPEADYTDGAVDVGRAAMADAGVEAGEIGLVINASVTRPYLEPGISARVHHELGLPRRAIAFDLTNACLGVANAMHVAGTMIDAGQIDNALIVASEGSRQMQESSIKYLLSDDSTREDVKEAFATMTLGSGAVGLVLGRSDARPDGHRVIGGVTRAGSEHHTLCVGGMDGMRTDSSRLFREGLTLATEAWKDARGDFDW--DDMDWYVAHQTSTIHIEALCKTLGLPQERFPMTLPTYGNIGPVAMPYTLAFHQD--NIERGQRVLLMGIGSGLNTSMTEVAW
Kytococcus_sedentarius,LISIHTIMILAC,VSEETTTLDFMM,TSVTNACLGFVNNELHQVNMGPAAVPMGIGSGN,TSVSVTNACLGFVNGNETLGCMLVIHQVHGNMGPAAVPFLMGIGSGLNAC,NTSVSVTNACLGFVNGMQIVNAETTATTLGSGAFVSRHCVGMTLGLSVIHQVSHTITFYGNMGPAAVPFTLLMGIGSGLNACCA,--------------MPGNATFRHSNTSVLSVTALPAPEVHTSAEFDARIMDTLRRNKLVPGVLSRLVGIKERRWWPEDVHFTEAAAEAGRRALVDAGIKPEQVGLMVNTSVSRDHLEPSTAVRIHDTLGLPRSASNFDVTNACLGFVNGMQIAAAMIDSGQIEYALIVNAETTRHTHETTLKRLESEDATADDVLQQLATLTLGSGAAAMVLGRTDKHPEGHRFVGGVSRAGTEHHELCVGDFDRMTTDSVGLQEAGIALSEELWAEAAEEFDW--QHLDRYVIHQVSTVHTEQICDRLGLDGAKVPRTFPTYGNMGPAAVPFTLA--LEAPHLERGDRVLLMGIGSGLNACCAEIEW
Legionella_brunensis,VVGCNQILILCM,VGEESCIGACMT,AGVSNACLGVLNSEGHQVNTGTVALPLGIGSGN,AGVGVSNACLGVLNGSETGGCMVICHQVNANTGTVALPMFLGIGSGLNCM,YAGVGVSNACLGVLNGIIVVSAESCATTGGSGVLVARHCRNMTVGLGICHQVGNQITYLANTGTVALPMTAFLGIGSGLNCMML,--------------------MRYQRVFINKIAYELPKEKVATSFLEEQLTDVYQELGIPLGQVEALTKIHQRRYWPVDHQLSDHAALAAKKAIKESGINSKKIQVLIYAGVGRAQLEPATACAVAHQLAIASDASVYDVSNACLGVLNGIIQIANAIELGQIHAGLVVSAESCREIIDTMVAEMKIQR-NIEHFALSLATLTGGSGAVAVLLSDNAL-DSSHQLLGAVARQKSQWHQLCRNACNIMHTDSVSVLKYGVELGVETYKDFLQELLWQDSFPDKYICHQVGEANQLAIRRALNIPKERDFTTYETLANTGTVALPMTAAIADQVGFLKTGDKVAFLGIGSGLNCMMLGIKW
Microlunatus_phosphovorus,LIAAHLMIILTF,VCEEGSIISLMM,TSVANACLGFVNDEIHQTNMGPAAVPIGIGSGN,TSVCVANACLGFVNADETIGCMLIAHQTHGNMGPAAVPFLIGIGSGLNTS,NTSVCVANACLGFVNAIQIVDAEGSASTIGSGAVASRHCVGMTLGLAIAHQTSHLMTVYGNMGPAAVPFTLLIGIGSGLNTSFA,--------------MSGNATYRLSNTTILAACAVEAPIVATSAAFDERLAETYRRVGTRPGLLVRLAGVQERRWWPEDVTFADAAAMAGAKALAEAGIRPEQVGVVINTSVCRSHLEPSVAVAVHHQLGLPTNCLNFDVANACLGFVNAIQLAGTLIDSGQLDYALIVDAEGSRQIHELTLDRLSSPTATAAEFKEQFASLTIGSGSAAFVLGRADRHPEGHRVIGGASRTGSEHHDLCVGSLDMMRTDSKKLFDHGIALAVATWEDAKDEFDWD-GAVDWFIAHQTSTVHLRAMAKAVGVSSAHFPTTVEKYGNMGPAAVPFTLAHHAD--RMRAGDRIVLIGIGSGLNTSFAEIVW
Micromonospora_peucetia,LLAMHTVMVLTA,VSEESSALDNMV,TSVANACLGFVNAELHQVNVGPASLPMGVGSGN,TSVSIANACLGFVNGAETLGCMLVMHQVHGNVGPASLPLCMGVGSGLNTC,NTSVSIANACLGFVNGIQIVAGESSATTLGSGALVGRHCVGMTLGLAVMHQVSHTVTFLGNVGPASLPLTLCMGVGSGLNTCAL,-------------MTHGNAEYRYTNTAILSVAALEAPVIVTSDQFDEQLSETFRRLRLRRGMLQRIAGIQERRWWPEGFGFADAAAMAGAKALSEAGVDARDVGLLINTSVSRAHLEPSTAVAIHHSLELPPSALNFDIANACLGFVNGIQVAANMIDAGQIRYALIVAGESSREAQQATIERLRSFDSTLDDVREQFATLTLGSGAAAMVLATADAHKQGHRLVGGVGRAATQHHDLCVGDNTRMRTDAKGLLDAGLDLAEATWAHAG---SWDWQNMDLYVMHQVSVAHTHGVVNRLGLDTRKVPETFPLLGNVGPASLPLTLAHHAE--SLNSGDRVLCMGVGSGLNTCALEVVW
Nakamurella_multipartita,LIAFHTMMILVV,VSEEGTILTIGI,TSVSNACLGFVTDELHQVNIGPAAIPMGIGSGN,TSVSVSNACLGFVTGDETLGCGLIFHQVHGNIGPAAIPICMGIGSGLNVG,DTSVSVSNACLGFVTGLHIVDGEGTATTLGSGALFFRHCIGGTLGLAIFHQVSHTMTFYGNIGPAAIPITLCMGIGSGLNVGVI,--------------MTGNSDFRFHDVAILSLDAGPAPLVVTSADVDRRLAPFYARTRSMSGLVTSLAGDFERRQWPAEVSFIQAAARAGEAAIAAAGIDRARIGVVIDTSVSRARLEPSSAVSVHHLLDLPPNCLNFDVSNACLGFVTGLHLAGALIDSGQIDYALIVDGEGTREIYDRTIDRLNERGEGLPDLLANFATFTLGSGAAAMVLGRHSAHPEGHQLLDGFFRAETRHHELCIGTIDGGVTDSRALLEAGIELAGAAWAQAGATAAWG--SRDRYIFHQVSEVHTKAMIRTLGVDPAKVPTTFARYGNIGPAAIPITLATVAD--ELSPGDIVLCMGIGSGLNVGVIELRW
Okibacterium_fritillariae,LMVLHTIMVLTM,VTEEDAILSVMV,TSVANACLGFVNDELHQVNVGPASIPMGVGSGN,TSVTIANACLGFVNGDETLGCMLILHQVHGNVGPASIPILMGVGSGLNTA,NTSVTIANACLGFVNGMSIVDGEDAASTLGSGAIVTRNCVGMTLGLVILHQVSHTITYYGNVGPASIPITLLMGVGSGLNTAMM,--------------MDGNATTTHSNVALLSVATTIAPRITTSEDIDSRLQPVLKKLKLPQGLLQRVAGVLERRNWDEGQNFDDAAVEAGKKALAEAGIEPSQIGLIINTSVTRKHLEPSVAVRIHNGLGLPSSAINFDIANACLGFVNGMSLAAQLIESGQIKYAMIVDGEDADEIQVNTIERLSKGGIGRKEFMSEFASLTLGSGAAAAVIGPADLHPEGHRILGGVTRAATQFNELCVGSVDGMFTDAKALLKGGMELVVSAWKEAKR--DWNWSSMDRYILHQVSEVHTNAIVKAAHIDRSKVPVTYPHYGNVGPASIPITLEAEKE--TLKKGDRVLLMGVGSGLNTAMMEIAW
Rothia_mucilaginosa,LLVTHTIMVLTL,VTEEDPWLEAMV,ASVTNACLGFVNAELHQINVAAAALPMGVGSGN,ASVTITNACLGFVNAAETLGCMLVTHQIHGNVAAAALPMCMGVGSGLNTA,NASVTITNACLGFVNAMTIVAGEDPATTLGSGAIVSRRCIGMTLGLVVTHQISHTITFWGNVAAAALPMTLCMGVGSGLNTALL,------MLNASADKVGTNSDIRHANAALLSITHELPPDVVTSDYFDEQLAQTYKRLRMPKGLLERLAGISTRRGWAEGQTFEDGVVAAAEKAIAEAGIDRSQIGLLINASVTRDNFEPAVSVGVHDRLELPRHALNFDITNACLGFVNAMTVASTMIDAGAIDYALIVAGEDPSPWHRTAVRILNNPDSTREDVLAQFATLTLGSGAAAAVIGRADRHPEGHRIVGSVSRAGTEHRNLCIGEADQMNTDAEGLLKHGLELVAQAWEQAHQD-GWEWNDMTSYVTHQISNAHTNAIIEAVGIERERIPLTFPKWGNVAAAALPMTLAECAP--TYTEGDRILCMGVGSGLNTALLEIQW
Sanguibacter_keddieii,LMVMHTIMVLTM,VTEEDAVLSVMV,TSVANACLGFINDELHQVNVGPASIPMGVGSGN,TSVTIANACLGFINGDETLGCMLVMHQVHGNVGPASIPILMGVGSGLNTS,NTSVTIANACLGFINGMNIIDGEDAASTLGSGAIVTRHCVGMTLGLVVMHQVSHTITYYGNVGPASIPITLLMGVGSGLNTSMM,--------------MNGNATSKHQNVALLSVATVVPDVVTTSDEMDNRLADTLKRLRMPRGLLQRVAGVHERRRWAADQSFESAAIAAGEKALAEAGISASDIGLIINTSVTRPHLEPSVAVRMHHGLGLPSSAMNFDIANACLGFINGMNVAAHMIDSGQIRYAMIIDGEDADEVNDNTIDRLNRPETKRSDFMNEFASLTLGSGAAAAILGPADSHPSGHRILGGVTRAATQFHDVCVGSVNGMYTDTKALLKGGMELVVAAWQEAKE--SWSWTAMDRYVMHQVSDVHTSAIVKAAKLDRSKVPTTYPRYGNVGPASIPITLAE--QSSTLAPGDRVLLMGVGSGLNTSMMEITW
Shewanella_putrefaciens,LVACNRVLILCM,VCEESAIGGLMM,TGVSNACLGVLSSEGHQVNMGTVSLPLGIGSGN,TGVCISNACLGVLSGSEAGGCMLICHQVNGNMGTVSLPVFLGIGSGLNCM,YTGVCISNACLGVLSGILVVSCESAATAGGSGVHSHLHCQWMTLGLAICHQVGNRVTYLGNMGTVSLPVTAFLGIGSGLNCMML,--------------------MKYSRVFINSLAYELALVVVSSSELESRLAPLYQKFRIPMGQLAALTGITERRWWPKGHQLSDGAINAARKAIAETGINVADLGVVVYTGVCRDQHEPATACRIAAELGVSKDTAIYDISNACLGVLSGILDIANRIELGQIKAGMVVSCESARDIVDVTIDNMLA-SPTMQNFAQSLATLAGGSGAVAVILTDGSLLTNVRKHQGASHLSAPEHHQLCQWGLQEMRTDAVTLLKEGVELAKHTWEHFLEQRNWLVEQVDKVICHQVGASNRKQVLSALNIPPEKEFPTYQLLGNMGTVSLPVTAAMAHDEGFLQAGDQVSFLGIGSGLNCMMLGIKW
Streptococcus_pneumoniae,LLVTHTILVLTM,VTEEDAVLDHMV,TSVTNACLGFVNAELHQVNVGPASLPLGVGSGN,TSVTITNACLGFVNGAETLGCMLITHQVHGNVGPASLPICLGVGSGLNTA,NTSVTITNACLGFVNGLMVVAAEDAASTLGSGAIITRHCVGMTLGLVITHQVSHTITFLGNVGPASLPITLCLGVGSGLNTAML,MSAP--------SPTPRRLVLVTNRAALLAVTEVEAPVEVTSQDLDDQLAEVLTRLRLPGSLLERVAGVRSRRNWDETEDFQEAAARAGVAALEQAGVPRERVGLLVNTSVTRATLEPSVAVRIHHLMGLPTSATNFDITNACLGFVNGLMLASTLVDAGQIDYAVVVAAEDASKVQAATVANLHAETTHRGNFMEQFASLTLGSGAAAAVVGRIEDHPDAHRIVRGITRAGTDHHGLCVGDHHGMYTDSTALLKDGLELVMDAWHDVP--AEWAWPEADRFITHQVSQMHTDAIAESAHLDPARIPTTFPTLGNVGPASLPITL--VREMDALEDGDTVVCLGVGSGLNTAMLEIEW
Streptomyces_ambofaciens,LLLFQYVILFFL,TSEEPAAADDTC,ASTKNACNSFLNCEAHQINCAAASLPIGLASGS,ASTSVKNACNSFLNGCETASSTLAFHQIQGNCAAASLPLMIGLASGFSFG,FASTSVKNACNSFLNGMEIACGEPAPGTASDAAWTVAHSVHTRLAVLAFHQIAQYVAVHGNCAAASLPLQLMIGLASGFSFGLA,----------------------MSEAIRARIAAVCAHLPSRYRTLDETRAKITETGGYAPGLLEDLTGVRGVHVHEDGENSSDLAVAAARSALEQAGLKIRDVDLLLFASTSQDLIEPATAHLVATKLGAS--CPVFDVKNACNSFLNGMEVAASFIETGRYRTVLIACGEPATLATRWHLP-------TREDLLRALPGYTASDAGAAMVLTALRFVSNSPAWEACTVAGGGSMHHLSVHDDHTTLRLNGDLWQSALDVLPRIMTAGEEFRAAQAGAVSFIAFHQIAMPQYREVIDLFSLPEDRCMPAVAEHGNCAAASLPLQLAKAREADRIEGGDLVAMIGLASGFSFGLALVRW
Streptomyces_avermitilis,GIATVWNVAFLA,CGE-----GLAI,SSCQQRCNAGLGT--PLIHIGAGDQFVAAGAGS,SSCGLQQRCNAGLGST-D--RAGVTPLIVGHIGAGDQFLLVAAGAGFSLS,HSSCGLQQRCNAGLGSLCLTTG---VFD---GTAADNNRERATGRAAVTPLIHVWNDLVGHIGAGDQFLGLLVAAGAGFSLSAA,--------------------MRFENLYIASTASWLPDLVPMEEAIAAGLDDEHRNLGYESIAVAD------------GVAGPEMAVRAGRLALERA-VGIERVGLVLHSSCGFQGHEMWPAAAYVANETVGRAAPGFDLQQRCNAGLGSLCLAAGYIDAGFTSAVLLTTG-----------DNFAPPWVDRWNVQLNLVFAD---GGTALVLSGRKGFARVVSATLGADNSLERWNRLRERGLQHAATPEAEGSWERIEAAMDTTRRALAEAQVSVEDISRVVTPLIHRGVWPENYDVLGFTEKQSTWDLGRVGHIGAGDQFLGLEHLVKERAVGPGDLVLLVAAGAGFSLSAAVVEI
Kocuria_varians,LVVTHTLLVLTL,VTEEDPWLGDMV,ASVTNACLGFVNAELHQVNVAAAALPLGVGSGN,ASVTMTNACLGFVNAAETLGCMLVTHQVHGNVAAAALPMCLGVGSGLNTT,NASVTMTNACLGFVNALTVVAGEDPATTLGCGAIVTRNCIGMTLGLVVTHQVSHTLTFWGNVAAAALPMTLCLGVGSGLNTTLM,--------------MTGNSTITNRNVAILSVTKTEADVVIPSTRFDEELAETFRRLRMPKGLLERLAGIKERRGWAPGRHFTDGATEAGEAALAESGVRPEQIGLFVNASVTRDNYEPAVAVGIHERLGLPSSALNFDMTNACLGFVNALTVAASMIDAGAIEYALVVAGEDPSPWHKAAVERLRADDITREQVVQEFATLTLGCGAAAAVVGPADRHPDGHRIVGSVTRAGTEFNHLCIGGDDGMFTDATGLLNHGVGLVVEAWHEAEQD-GWDWREMDSYVTHQVSNSHTNKLIEDMGLDATKVPLTFPYWGNVAAAALPMTL--ALEAERLEPGARVLCLGVGSGLNTTLMEIAW
Citricoccus_muralis,LLVTHTIMVLTM,VTEEDSVLDHMV,TSVTNACLGFVNAELHQVNVGPASLPMGVGSGN,TSVTITNACLGFVNGAETLGCMLVTHQVHGNVGPASLPICMGVGSGLNTA,NTSVTITNACLGFVNGITVVAGEDSASTLGSGAIITRHCVGMTLGLVVTHQVSHTITFLGNVGPASLPITLCMGVGSGLNTAML,-------------MVQGNATFRHSNASLLSVTEVLAPVTVTSAQLDEELADVLKGLRLPKGLLPRVAGVNARRNWEHPGHFQLGAAEAGRQALEKAGVRPDQIGLMVNTSVTRETLEPSVAVRIHHEMGLPTSATNFDITNACLGFVNGITLAASMIDSGQVDYAVVVAGEDSVKVQQATLENLKQDGVDRTNFMEQFASLTLGSGAAAAIIGRTDQHPEGHRIVRGITRAGTDHHDLCVGDHKGMFTDSTALLKDGLELVMDAWNDVPADWGWAT--MDRYVTHQVSRLHTDSITEATGLDPSLFPVTFPELGNVGPASLPITLAR--EVDQLSAGDKVLCMGVGSGLNTAMLEIAW
Pelobacter_propionicus_DSM_2379,VVGCHQILILCM,VCEESAIGYQMM,AGVSNACLGVLNSEGHQVNMGTVSLPLGIGSGN,AGVCISNACLGVLNGSETGGCMVICHQVHGNMGTVSLPLLLGIGSGLNCL,YAGVCISNACLGVLNGMLVVSCESAATTGGSGVLVCLHCLGMTVGLGICHQVGHQITYLGNMGTVSLPLTALLGIGSGLNCLML,--------------------MKYRAVTLESFGYQLAPVVVSTSDLEARLEPLYRQLRIAPGQLQAMTGIRERRWWEPGYPLSQGAIAAARKALAASAVPVDQIGALIYAGVCREQFEPATACRVAHGLGIGGQAAVFDISNACLGVLNGMLDLANRIELGQIRAGMVVSCESAREINEIMIERMLK-ERRMEHFASSLATLTGGSGAVAVLLTDGSFSAQRRKLLGGVCLSAPEHHQFCLGYQQVMSTDGVNVMNHGVELGKRTWNAFLPHLGWSAEQVDQVICHQVGSAHQNAILKTLGISADQDFTTYEYLGNMGTVSLPLTAALAAERDILLTGDRVALLGIGSGLNCLMLGVEW
Pseudoxanthomonas,LMAIHTFLILCM,VSEETAVLNLMI,TSVANACLAFINDELHQVNIGPASVPLGIGSGN,TSVSVANACLAFINGDETLGCMLIIHQVHGNIGPASVPILLGIGSGLNCT,NTSVSVANACLAFINGMDVVDGETAAATLGCGVYVTRNCRGMTLGLAIIHQVSHTFIFHGNIGPASVPIVLLLGIGSGLNCTMA,--------------------MLFQNVSIAGLAHVDAPHVLTSKEINARLQPTFDRLGIRTDVLNDVAGVHARRLWDDEVQSSDAATLAAKKALADAGIGAERLGLLVNTSVSRDFLEPSTASIVSGNLGVGDHCMAFDVANACLAFINGMDIAARMIERGEIEYALVVDGETANLVYEKTLERMTSPTVTEAEFRDELAALTLGCGSVAMVMARRELVPDAPVYKGGVTRSATEWNKLCRGNLDRMVTDTKMLLIEGMKLAQKTFVAARQVLGWAVDEIDQFIIHQVSQPHTQAFIKTFGIDPKKVMTIFGEHGNIGPASVPIVLSKLKELGRLKKGDRIALLGIGSGLNCTMAEVVW
Chromatocurvus_halotolerans,LLAIHTLLILCM,VSEESSLLNMMV,TSVANACLGFLNDELHQVNVGPASVPLGIGSGN,TSVSVANACLGFLNGDETLGCMLVIHQVHGNVGPASVPILLGIGSGLNCS,NTSVSVANACLGFLNGMDIVDGESSASTLGSGAYVTRNCQGMTLGLAVIHQVSHTLIYMGNVGPASVPIVLLLGIGSGLNCSMA,--------------------MHFKNVVIQAPVAVNAPVSLSSQEIAQRLKPTMDRLGIRENLLAEISGIESRGLWDEHTSPSDAATLAAEEAIARSGIDRSRIGLVINTSVSRDFLEPSTACMVHGNLGLAPDCLNFDVANACLGFLNGMDIAARMLERAEVDYALIVDGESSRPLIEATIARLLSPEVEEAQFRAEFASLTLGSGSAAMIMARRELAPDGHSYRGSVTRAATRFNKLCQGNMDRMQTDTRGLLGAGLELAAETFAEARKSFGWAPDELDQFVIHQVSKVHTESLVQLLGLDPVKVHTIYPHMGNVGPASVPIVLSRVAEAGKLDTGSRVALLGIGSGLNCSMAEVVW
Leifsonia_sp._Leaf325,LMVMHTIMVLTM,VTEEDAILSVMV,TSVTNACLGFVNDELHQVNVGPASIPMGVGSGN,TSVTITNACLGFVNGDETLGCMLIMHQVHGNVGPASIPILMGVGSGLNTS,NTSVTITNACLGFVNGMTIVDGEDAASTLGSGAIITRNCVGMTLGLVIMHQVSHTITYLGNVGPASIPITLLMGVGSGLNTSMM,------------MSLDGNATTTHRNVALLSVASTMAERVTTSEEIDSRLAPVLKRLKLPTGLLQRVAGVRERRNWEEGATFDDAAISAGKRAMAEAGIRPDQVGLLINTSVTRPHLEPSVAVRIHHGLGLPTSAINFDITNACLGFVNGMTLASGLIDSGQIDYAIIVDGEDADQIQINTIERLGREGINRKQFMSEFASLTLGSGAAAAVLGRADQHPEAHRILGGITRAATQFNELCVGSVDGMFTDAKALLRGGMELVTSAWKDALKTWDW--KSMDRYIMHQVSDVHTDAIVKAVGLDRSRVPLTYPTLGNVGPASIPITLAE--QASTLKRGDRVLLMGVGSGLNTSMMELAW
Plantibacter_sp._VKM_Ac-1784,LLVTHTMMVLTL,VTEEDAVLSVMV,TSVANACLGFVTNELHQVNVGPASIPMGVGSGN,TSVTIANACLGFVTGNETLGCMLITHQVHGNVGPASIPILMGVGSGLNTG,NTSVTIANACLGFVTGMTIVNGEDAASTLGSGAIVTRNCVGMTLGLVITHQVSHTMTYLGNVGPASIPITLLMGVGSGLNTGLM,-------------MVTGNATTRFDNVAMLSVASTLPSAVVTSVEIEEGLAAAMKRARLPKGILRRVAGVVERRHWGPDENSDDATVSAGRRALAEAGISPSQIGLMINTSVTRQHLEPSVAVRIHDGLGLPSSAINFDIANACLGFVTGMTMAAAMIESGQIEYALIVNGEDASEVHANTIERLSGSTIDRDDFMSEFASLTLGSGAAAAVIGPADRHPEGHRILGGVTRAATEFNHLCVGSVDGMFTDARALLKGGLDLVVSAWKEAAG-DSWRWSKMDRYITHQVSSIHTDSMVKAASLDRSRVPVTYPYLGNVGPASIPITLAD--QQSTLNKGDRVLLMGVGSGLNTGLMELAW
Humibacillus_sp._DSM_29435,LIAAHTMLVLVC,VSEESSTLDLMM,TSVANACLGFVNNELHQINMGPAAIALGVGSGN,TSVSLANACLGFVNGNETLGCMLVAHQIHGNMGPAAIAFLLGVGSGLNVS,NTSVSLANACLGFVNGMQIVNGESSATTLGSGAIVTRHCVGMTLGLAVAHQISHTMTFRGNMGPAAIAFTLLLGVGSGLNVSCL,--------------MSGNATYRHTNAAVLSVCAVDAPVVVTSDDFDRQLLSTYERVGLKPGMLAKLAGIHERRWWPEGVSFTEGAATAGAKALAEAGVDPSRVGLMVNTSVSREHLEPSVAVEIHHNMGMPTSCINFDLANACLGFVNGMQLAASMIDSGQIDYAVIVNGESSRHTQEVTIERLAGPDATAEDVMSQFATLTLGSGAAAMVLGRADLHPEGHRIVGGVTRAGTEHHNLCVGDLEWMRTDTRGLLDAGIALASDTWNDAKAEFEWS--NMDRYVAHQISQVHTKAMCKALDIPADRLPLTFPTRGNMGPAAIAFTLAT--QVDSLSPGDRVVLLGVGSGLNVSCLEIAW
Enhygromyxa_salina,LLAIHTFMILCM,VCEESSVLQVMV,TSVGNACLGFLNDELHQVNVGPAGVPMGIGSGN,TSVCVGNACLGFLNGDETLGCMLVIHQVHGNVGPAGVPLLMGIGSGLNCA,NTSVCVGNACLGFLNGMEVVDGESSATTLGSAVFVTVSCRGMTLGLAVIHQVSHTFTYYGNVGPAGVPLVLLMGIGSGLNCAMA,--------------------MRFDHVSICSVAHVDAPDRVTSAELERRLAGTMKRLHVPTGLLESLTGITARRMWPEGTQPSDAATLAASRALAAADLDPQRVGALINTSVCRDYVEPSTACLVHAKLGLAPTCINFDVGNACLGFLNGMEIIGNMIERGQLDYGLVVDGESSRYVVDQTIARLSSDTADQAAFWANFATLTLGSAGVAMVLTRSDLAPNGHRFLGGVTVAATEHSDLCRGQVDRMETNSGDLLNTGLELAQRTWAAAQRELGWSPGSLDEYVIHQVSKVHTDKFRAAFEIDPQRLLATYPEYGNVGPAGVPLVLSKAAELGRLRAGDRVALMGIGSGLNCAMAEVVW
Nesterenkonia_alba,LLVTHTIMVLTM,VTEEDAVLDHMV,TSVTNACLGFVNNELHQVNVGPASLPMGVGSGN,TSVTITNACLGFVNANETLGCMLVTHQVHGNVGPASLPICMGVGSGLNTA,NTSVTITNACLGFVNAMTIVNGEDAASTLGCGAIVTRHCVGMTLGLVVTHQVSHTITYLGNVGPASLPITLCMGVGSGLNTAMV,------MQKRSEG----NTTFHHRNAALLSVAEVEAPLVLTSKDLDKRLADALKRLKLPSGLLQRVAGVKARRNWRSDDEVRAGTVEAGRRALEAAGVSTEDISVMINTSVTREHLEPSVAVGVHHELGLPSSAMNFDITNACLGFVNAMTLAATMIDAGQARYVLIVNGEDARKVQDATVERINAEEVSRQDFMTEFASLTLGCGAAAAVIGPADEHPEGHRIVGGVTRAATQHHELCVGDHRGMFTDARGLLDGGLELVMNAWEDAKKHFSW--QSMDAYVTHQVSQLHTSSIIKAAKLDKKKVPVTYPELGNVGPASLPITLAR--EAKNLVTGSRVLCMGVGSGLNTAMVEIEW
Halobacteriovorax_marinus,LLAGHETLILSM,VCEENGLIDGMT,ASVSNACLGVVNSEIHQVNTGSAALPLGIGSGT,ASVCLSNACLGVVNASETIGCMLVGHQVHGNTGSAALPILLGIGSGLTSI,HASVCLSNACLGVVNAMAIVSGENGANTIGSAVIAVSNCQGMTLGLAVGHQVGHETTYLGNTGSAALPITLLLGIGSGLTSIML,--------------------MKYTKVAIHSFDYLEPDEFLTSDDIETKLAPVYKRLNLPAGRLELMTGIKSRGLWANGMRPSELSTRAAERVLEKSGIDRNEIGLLIHASVCRDFLEPSTASVVHHNLELNEDAMIYDLSNACLGVVNAMAMASNMIELGQIKYALIVSGENGGPLLTQTIEHLNNDELTRKSIKKYIANLTIGSAAVAYLLCDSSLAPDAPRILGGAVSTDSSANILCQGDGDMMETDSEELLKHGLELAKKNWNKTKQELSLENKDIDWVVGHQVGTAHETLTMKAMELQDHKTFTTYETLGNTGSAALPITLAKLSEKQKIKKGEKVALLGIGSGLTSIMLGVQW
Kocuria_flava,LVLGHTLLVLAY,VTEEDPWLGFMV,ASVTNACLGFVNAELHQVNVAAAALPLGVGSGN,ASVTVTNACLGFVNGAETLGCMLIGHQVHGNVAAAALPMLLGVGSGLNAT,NASVTVTNACLGFVNGLTVVAGEDPATTLGCGAVVTRHCIGMTLGLLIGHQVSHTLTFWGNVAAAALPMTLLLGVGSGLNATYM,--------------MTGNSTMRHRNAALLAITKVEADEVVPSSQADEVLAGTFERLRMPKGLLERLAGVKERREWAPGRHFTDGAVEAGQAALEQAGVRPEQVGLLINASVTRDGYEPAVSVSVHHRLGLPSSALNFDVTNACLGFVNGLTIAATMIDAGAIDYAVVVAGEDPRPWHRETYERLQAPGVTRADVVREFATLTLGCGAAAAVVGPADRHPEGHRVAGSVTRSATEHHGLCIGGFDGMFTDATGLLKHGVGLLEQAWNDAHAD-GWDWQEMDRYIGHQVSMSHTNKLFADVGIDPDRFPVTFPFWGNVAAAALPMTL--ALEAESLGAGDRVLLLGVGSGLNATYMEIDW
Dermabacter_hominis,LLVTYTFLVLTM,VSEEDVVLNMMI,ASVTNACLGFVNGELHQVNIAAEAVPLGVGSGN,ASVSITNACLGFVNAGETLGCMLITHQVYGNIAAEAVPLLLGVGSGLNTA,NASVSITNACLGFVNAMTIVGAEDVASTLGSGAIQTRHCIGMTLGLVITHQVSYTFTFLGNIAAEAVPLTLLLGVGSGLNTAMM,-------------MIPN-TAFDHKNAAILSVSAVEAQVPVTSDSIDEMLSPARKRLRLPKGTLQRVAGVYERRWWDPENGWKQGAVIAAERAMASAGITREDVGVLINASVSRQHLEPAMSAHIHAALGMPASCMNFDITNACLGFVNAMTLAAGLIDAGQIDYALIVGAEDVEEVQRRTIARLNDKNSTRQDFNNQFASLTLGSGAAAAVVGRFDKHPDGHRIVHTQTRAGTEHHELCIGNMDDMRTDTAGLLENGLELVTQTWRAAEES-GRNYSNKQWYITHQVSMVYTRAFAKAMGINPEIIPVTFPELGNIAAEAVPLTLA--LNQDRFAKGDELLLLGVGSGLNTAMMEVQW
Brachybacterium_paraconglomeratum,LIIPYTFMVLTM,VSEEDVVLNMMI,ASVTNACLGFVNGELHQVNIAAEAVPMGVGSGN,ASVSITNACLGFVNAGETLGCMLIPHQVYGNIAAEAVPMLMGVGSGLNTA,NASVSITNACLGFVNAMTIVGAEDVASTLGSGALQARHCVAMTLGLIIPHQVSYTFTFWGNIAAEAVPMTLLMGVGSGLNTAMM,MGNG-------------NTGIVHSNTSLLAVEGTLPQVTVTSDEIDEMLAPARKRLRLPKGVLQRVAGVYERKWWDRENGWKQGVVLAAERAMAKAGIMRDQVGLLINASVSRKHLEPAVSTGIHHSLGLPPACMNFDITNACLGFVNAMTMAAGMIDSGQIKYALIVGAEDVEQVQRGTIERLNAKGSTRADFNNQFASLTLGSGAAAAVLGPADVHPEGHRLKVTQARSGTEHHELCVANMDDMRTDSNGLLENGINLIVDTWKAANES-GLDFRSIDYVIPHQVSMVYTRNFSKITGVGMERIPVTFPDWGNIAAEAVPMTLAHIQD--DIERGQRVLLMGVGSGLNTAMMEVQW
Chloroflexi_bacterium_RBG_13_51_36,VLATHSLLILCM,VSEESSMLELMI,TSVSNACLGFINGELHQVNIGSVSLPLGIGSGV,TSVSISNACLGFINGGETLGCMVFTHQVHGNIGSVSLPIMLGIGSGLVCL,HTSVSISNACLGFINGMVVVGCESSPTTLGSGVLVTRNCRAMTVGLAFTHQVSHSLTVLGNIGSVSLPITMMLGIGSGLVCLML,--------------------MQYRKVCVESFGYELPENIVTSVSLEEKLAPIYGKFNLSYGRLEMMTGIRERRFWDDGATPSQASIRAAEKAIAKSGVKKEDIGCLLHTSVSRDFLEPATATVVHDSLGLPPTATIFDISNACLGFINGMVTLANMIELGQIKAGIVVGCESSRPMVNATIDRLLDPDITRDKLKLAFPTFTLGSGAVAAVLTHSSLSQDGHKLLGGVTRAASQHNGLCRAELPNMHTDYDGVLKNGLRLAPDTWKDTKQEIGWNDSDISRFFTHQVSAVHSKLLFQALGLDATKDFSTVEYLGNIGSVSLPITMAIGIERGYLKPGDKAAMLGIGSGLVCLMLGLQW
Subtercola_sp._Z020,LMVLHTIMVITM,VTEEDSILDKMV,TSVTNACLGFVNDELHQVNVGPASLPMGVGSGN,TSVTITNACLGFVNGDETLGCMLILHQVHGNVGPASLPMCMGVGSGINTA,NTSVTITNACLGFVNGMTIVDGEDSASTLGSGAIISRHCVGMTLGLVILHQVSHTITYLGNVGPASLPMTLCMGVGSGINTAMT,-------------MTNSNATFRHQNSALLAVKARLAPLVVTSEEIDVRLADALTRLRLPTGLLQRVAGVISRRNWDDTTTFDEAAAGAASEALKEANVDPQDVGLLINTSVTRKHLEPSVAVGIHHALGLPSSAMNFDITNACLGFVNGMTLASQMIDSGQIKYAVIVDGEDSNEIQANTIARLSQPGISRKDFVNEFASLTLGSGAAAAVLGPADAHPEGHRIMGGISRAGTEHHLLCVGDKDGMFTHTKELLAGGMALVVEAWKEAKG--SWDWQKMDRYILHQVSDVHTDSIVKAAKLDRKRIPLTYPSLGNVGPASLPMTL--ALEASKLVKGNRVLCMGVGSGINTAMTEIVW
Arenimonas_oryziterrae,LLAIHTFLILCM,VSEETAVLNLMI,TSVANACLAFLNDELHQVNIGPASVPLGIGSGN,TSVSVANACLAFLNGDETLGCMLVIHQVHGNIGPASVPILLGIGSGLNCS,NTSVSVANACLAFLNGMDVVDGETAASTLGCGAYVTKNCRGMTLGLAVIHQVSHTFIFHGNIGPASVPIVLLLGIGSGLNCSMA,--------------------MLFTHVAIAGLAHIDAPHALSSADINARLQPTMDRLGIKTDVLQDIAGIFSRRMWDDETQSSDAATMAAEKALLDANVPRDKIGLLVNTSVSRDFLEPSTASIVSGNLGLGENCQNFDVANACLAFLNGMDIASRMIERGDIEYALVVDGETANLVYEKTLTRLSDPNVTEEQFRNELASLTLGCGAAAMVLARAELVPDAPRYKGGVTKAATQWNTLCRGNLDRMVTDTRMLLIEGLKLAQKTFVAARLALGWAVEEMDQFVIHQVSRVHTEAFIKAFGIDPAKVLTIFNEHGNIGPASVPIVLSKLKEMGRLKKGNRIALLGIGSGLNCSMAEVVW
Thermomonas_haemolytica,LIAIHTFLILCM,VSEETAALNIMI,TSVANACLAFINDELHQVNIGPASVPLGIGSGN,TSVSVANACLAFINGDETLGCMLVIHQVHGNIGPASVPILLGIGSGLNCS,NTSVSVANACLAFINGMDVVDGETAATTLGSGAYVTRNCRGMTLGLAVIHQVSHTFIFHGNIGPASVPIVLLLGIGSGLNCSMA,--------------------MLFHHVAIAGLAHIDAPRRLTSEEINARLKPTLDRLGIRVDVLGDVAGVHARRLWDGDVQASDAATLAGVKALADAGIDPDKVGLLVNTSVSRDFLEPSTASIVSGNLGLPDTCQNFDVANACLAFINGMDIAARMIERGEIEYALVVDGETANLAYEKTLERMTRADVTEEDFKNELATLTLGSGAAAMVLARAELAPGAPRYKGGVTRAATEWNKLCRGNIDGMITDTRMLLVEGIKLATKTFEVAKQKLGWVASELDEFVIHQVSKVHTAAFTKAMGIDPKKVMTIFAEHGNIGPASVPIVLSKLREMGRLKKGSRVALLGIGSGLNCSMAEVEW
Silanimonas_lenta,LIAIHTFLILCM,VSEENAVLNLMI,TSVANACLAFINNELHQINIGPASVPLGIGSGN,TSVSVANACLAFINGNETLGCMLVIHQIHGNIGPASVPILLGIGSGLNCS,NTSVSVANACLAFINGMDIVNAENAASTLGCGAYVTRSCRGMTLGLAVIHQISHTFIFHGNIGPASVPIVLLLGIGSGLNCSMA,--------------------MLFQHVSIAGLAHLDAPHTLSSEEINRRLKPTLDRLGIKTDVLREVAGINARRLWDDGKPTADAATEVARKAIAEAGIEPGKIGILINTSVSRDFLEPSVASIVSGQLGLPDTCQNFDVANACLAFINGMDIAGRMIERGEVDYALIVNAENANVVYEKTIERLNREGITHEEFRNEFASLTLGCGAAAMVLARRELVPDAPQYKGGVTRAATQWSHLCRGNLDRMVTDTKLLLIEGIKLAQLTFAAAKQALGWAVEEMDEFVIHQISRAHTEAFLKTFGIDPKKVLTIFHEHGNIGPASVPIVLSKLKEMGRLKKGKRIALLGIGSGLNCSMAEVVW
Wenzhouxiangella_sediminis,LMAIHTFMILCM,VSEENSILWNMI,TSVGNACLAFINNELHQVNIGPASIPMGIGSGN,TSVSVGNACLAFINGNETLGCMLVIHQVHGNIGPASIPTLMGIGSGLNCC,NTSVSVGNACLAFINGMNIVNAENSASTLGCGAYVSRNCRGMTLGLAVIHQVSHTFIFFGNIGPASIPTVLLMGIGSGLNCCMA,--------------------MLFDNVVIKSVASVDAPHTVTSEEIRERLAPTFKKLRLRGNPLIDLAGIEERRFWDEGVLPSQAATMAAEKALARADIDPDRVGILINTSVSRDFLEPSTACMVHGNLKLPNTCESFDVGNACLAFINGMNIAAHMLDRGEIDYALIVNAENSREINEITINRLLEPKVTRKQFKSEFASLTLGCGAAAMIMSRGDLEPDGHQYKGGVSRAATEFNNLCRGWNHQMWTDTKSLLREGMKLAGATYSTARQVLGWVANELDHVVIHQVSRVHTEAFIRAFGVQPERVYRIFPKFGNIGPASIPTVLSKIVDENRIQRGDKVALMGIGSGLNCCMAEVIW
Xanthomonas_translucens,LLAIHTFMILCM,VSEETAVLNLMI,TSVANACLAFINDELHQVNIGPASVPMGIGSGN,TSVSVANACLAFINGDETLGCMLVIHQVHGNIGPASVPILMGIGSGLNCS,NTSVSVANACLAFINGMDVVDGETAAATLGCGAYVTRNCRGMTLGLAVIHQVSHTFIFHGNIGPASVPIVLLMGIGSGLNCSMA,--------------------MLFNNVSIAGLAHIDAPHTLTSKQINERLQPTYDRLGIRTDVLGDVAGIHARRMWDADMQASDAATLAARKAMTDAGITAGQVGLLVNTSVSRDYLEPSTASIVSGNLGVGEECVTFDVANACLAFINGMDIAARMIERGEVDYALVVDGETANLVYEKTLERMTSPDVTAQEFRDELAALTLGCGAAAMVMARAELVPDAPRYRGGVTRSATEWNTLCRGNLDRMVTDTRMLLIEGLKLAQKTFVAAMQALGWVVDELDQFVIHQVSLPHTQAFIKNFGIDPKKVMTIFGEHGNIGPASVPIVLSKLRELGRLKKGDRIALMGIGSGLNCSMAEVVW
Sandaracinus_amylolyticus,LLAIHTLMILCM,VCEEGSALHAMV,TSVANACLGFLDDELHQVNVGPASVPMGIGSGN,TSVCLANACLGFLDGDETLGCMLVIHQVHGNVGPASVPMLMGIGSGLNCA,NTSVCLANACLGFLDGMEVVDGEGSATTLGSGAFVSLNCRGMTLGLAVIHQVSHTLIFHGNVGPASVPMVLLMGIGSGLNCAMA,--------------------MLFSSVSVASVAYVDAPHRVSSRELEDRLSPLLKRLGLAPGIIASLSGVQARRFWDEGVQPSEVAAQAGEKAIVASGIDRARIGVLVNTSVCRDFVEPSTASIVHRHLGLSPRCRNFDLANACLGFLDGMELVAAMIERGAIDAALVVDGEGSRFAVEKTIDRLNASG-DARALGEEFATLTLGSGAAAMVLCRRDLAPAAHAFRGGVSLAATDWNHLCRGHADRMVTDAQKLLTQGLDLASKTFELARTELGWSPDVLDEVVIHQVSRQHTEKLAAQLGVAPAKIHAIFPEHGNVGPASVPMVLAKAAEIGRLRSGMRVALMGIGSGLNCAMAEIVW
Frankiales_bacterium_YIM_75000,LIGLHTVMILAA,VSEESSVLHAMM,TSVGNACLGFVNNELHQVNMGPASVPMGIGSGN,TSVSLGNACLGFVNGNETLGCMLALHQVHGNMGPASVPYLMGIGSGLNAC,NTSVSLGNACLGFVNGMNVVNAESSATTLGSGVYLSRACTGMTLGLGALHQVSHTVIFHGNMGPASVPYVLLMGIGSGLNACAA,--------------MPNAGQR-YSDVVISGLAHLDAPQVLTSEAIEDRLAPAMKRLGVGRGLLGRLVGISQRRVWDEGTPPSDPAAEAGRRAIERSGVPAEQLGMLVNTSVSRDFLEPSTASIVHGKLGLPTTAMNFDLGNACLGFVNGMNLVSTMIERGEIDHGIVVNAESSRFVVESTIERLLTKG-TPEVLREQFATLTLGSGAVAMVLSRKGTVDDGHAYLGGLSRASTQHAHLCTGHAHEMLTDLRGLLDAGIELGHLTWKEAVDAYGWDPDGFDLYALHQVSLVHTRAVCDTLGIDPQRVPLIFPEHGNMGPASVPYVLSKAAEEGRLRRGDKAVLMGIGSGLNACAAEVHW
Brevibacterium_antiquum,LMVMHVIMVLTM,VTEEDAVLDHMV,TSVANACLGFVNAELHQVNVGPASLPMGVGSGN,TSVTIANACLGFVNGAETLGCMLIMHQVHGNVGPASLPICMGVGSGLNTA,NTSVTIANACLGFVNGMTVVAGEDAASTLGSGSIITRHCVGMTLGLVIMHQVSHVITYLGNVGPASLPITLCMGVGSGLNTAMT,-------------MANGNATFRHSNVALLGLTEILAPNVVTSQEFDERLADTLSTLNLPTGLLQRVAGVNARRNWDEPSQFADGAIAAGKKALAEAGVSPDSIGLMVNTSVTREHLEPSVAVGVHAGIGLGSRAMNFDIANACLGFVNGMTLAANMIDAGQIEYALVVAGEDASRVQEATLRRLTRPGISREEYLNEFASLTLGSGASAAVLGPADKHPNGHRILGGITRAATQHHELCVGDHNGMFTDTKGLLAGGMELVVAAWEEAHED-GWDWREMDRYIMHQVSDVHVNSITKAANLDPDRIPVTYPELGNVGPASLPITLS--REASHLKRGDRILCMGVGSGLNTAMTEIEW
Sediminihabitans_luteus,LMVLHTIMVLTM,VTEEDAMLSVMV,TSVANACLGFVNDELHQVNVGPASIPMGVGSGN,TSVTIANACLGFVNGDETLGCMLILHQVHGNVGPASIPILMGVGSGLNTS,NTSVTIANACLGFVNGMTVIDGEDAASTLGSGAIVTRHCVGMTLGLVILHQVSHTITYHGNVGPASIPITLLMGVGSGLNTSMM,--------------------MVHQNVALLALATTLPDDVTTSDEIDERLGETLRRLRVPRRMLQRVAGVHERRRWAKDQSFVSAAVAAGEKALAEAGVAPSEVGLIINTSVTRPHLEPSVAVRMHDGLGLPSSAMNFDIANACLGFVNGMTVAASMIDAGQIRYAIVIDGEDADEMQDRTIERLSRPTTTREDFMNEFASLTLGSGAAAVVLGPADAHPVGHRILGGVTRAATQFHEVCVGSVDGMITDTKALLKGGMELVVAAWKDAREHFSWS--SMDRYILHQVSDVHTDAIVKAARLDRSKVPLTYPRHGNVGPASIPITLAE--QAPSLAPGDRVLLMGVGSGLNTSMMEIAW
282669.3.peg.967_Kocuria_mesophile,GLRVWGILTLCP,VTEEDPWLQLG-,ASVTNACLGFVNAELVTLD---EAEPLDTTLA-,ASVTMTNACLGFVNAAETLGAGGPVVTLWHD---EAEPIFLDTTLAL-CD,NASVTMTNACLGFVNALTVVAGEDPATTLGCGALVVRRAVDGSGRDRPVVTLAWGINTHHD---EAEPIPSFLDTTLAL-CDPA,--------------MTGNSTITNRNAAILSVTKTEADVVIPSTRFDEELEHTFKRLRMPKGLLERLAGIKERRGWAPGRHFTDGATEAGEAALQQAGIRPEQIGLFINASVTRDNYEPAVAVGIHERLGLPSSALNFDMTNACLGFVNALTVASSMIDAGAIDYALVVAGEDPSPWHEAALARLSEDGITRDQVVQEFATLTLGCGAAAIVLAVHG-NPTWSYLWRDVVRAATEWRVVAVDQLDMGFSE-RTGLFRRLEDRVTDLGDLTREIGLDAAGL---PVVTLAHDWGGLISQGWAIHAATVMTNTAVHHD---EAEPIPSALRLALNKAVHGGSTAFLDTTLAL-CDPA----
1075768.5.peg.2737_Janthinobacterium_psychrophile,VVLPIMTEVFWA,STGEVFIFAVLT,ASSQAVCSGFVYGEFHQANTSAASIPEGVGGGT,ASSTVQAVCSGFVYAGELFGALVIPHQAIGNTSAASIPLMEGVGGGFTWG,VASSTVQAVCSGFVYAVAVIGAEVFTCLFGDGGAQSHGAGGLMVAVLIPHQANIMTTVHGNTSAASIPLALMEGVGGGFTWGAV,---------------------MTLYSKIIGTGSYLPERRVTNQDLAEQLAAK----GIETEWIVSRSGISARHYAAPEQNSSDLGVAAAKSALQMAGLQANDLDLIIVASSTPDFFGPSTACIVQNKLGITNHCAAVDVQAVCSGFVYAVATADSFIKSGMHKNVLVIGAEVFSRILN---------------FDDRGTCVLFGDGAGAIVMAASGILAAKLHADGRQSHILSVPGSVAGGAVAFLHMDGPAVFKLAVSVLEKVALEALAHANMTADQIDWLIPHQANIRIMNSTAKKLGLPLEKMVVTVDQHGNTSAASIPLALDIAVRDGRVKKGDNVMMEGVGGGFTWGAVLARM
1629713.5.peg.2518_Desulfobulbaceae_psychrophile,LVACHALLIICM,VSEETALINTMV,TSVSNACLGFLDSEIHQVNVGSVSAPLGIGSGN,TSVSISNACLGFLDGSETIGCMLFCHQVHGNVGSVSAPILLGIGSGINCM,FTSVSISNACLGFLDGMVIVSGETAASTIGSGVLAWRSCHGMTLGTAFCHQVGHALTLLGNVGSVSAPITMLLGIGSGINCMML,-------------------MIHYSNVCFDTFGYELPSRILTSDQLEERLAPVYERLGLPAGRLELMSGIRQRRLWPPGTRPSEAATLAGKRVLERAGLAASEVECLIFTSVSRDMMEPATASFVHEKLGLPQEALIFDISNACLGFLDGMVMLANMIELGQVKNGLIVSGETAEELLESTLLALLGDELSRKSIKPAFASLTIGSGAVGLYMRRTRKDEDKPRLVHGAWRANTAHSDLCHGNTTLMATNSEELLHRGVETAQMTWREFSKKAGWQADDVDRFFCHQVGSAHAKLLFEQLGLKTEKNFATLDILGNVGSVSAPITMAMAIEQGVFRPGQKGALLGIGSGINCMMLGVEW
177439.6.peg.798_Desulfotalea_psychrophile,LVACHFLLIISV,VCEETALIDTMV,TSVSNACLGFLDSEIHQVNVGTVSAPLGIGSGN,TSVCISNACLGFLDGSETIGCMLCCHQVHGNVGTVSAPIMLGIGSGINSI,FTSVCISNACLGFLDGMVVVSGETAASTIGSGVLVWRICQGMTLGTACCHQVGHFLTLLGNVGTVSAPITLMLGIGSGINSIVL,-----------------------------------------------------------------MSGIRERRLWPKGMKPSEAAYLAGKKTLDDGGIAAAEVECLLFTSVCRDMMEPATSAFVHHKLGLPKSCLVFDISNACLGFLDGMVMLANMIELGQVKNGLVVSGETAEDLLESTIAALNADEFTRKTIKSSFASLTIGSGSVGCFMRRAEAGETKPRLVRGVWRTDTDHIHLCQGDTTLMQTDSEELLLRGVDTAAAAWDAFA-APGWRNEEVDAYCCHQVGVAHFRMLFDRLGLSEEKNFQTLPFLGNVGTVSAPITLAMAMEEGAFKPGERAVMLGIGSGINSIVLGIDW
1123057.7.peg.1800_Rhodonellum_psychrophile,LRYIMDIAVMVA,IRVE---YHYMN,ADIPFGCPGWLQGEYHQANNSVATIPASVGAGN,ADIRLPFGCPGWLQGGEIYSTMLLIHQAMGNNSVATIPILASVGAGMNVN,VADIRLPFGCPGWLQGVIVIGAE--DSIYSDGGTILADTQAMDLGLYLIHQANMDIMILGNNSVATIPILYLASVGAGMNVNAL,---------MSVYSIIIGSGKYIPNLVVKNEVFLS--NSFFNDKGEKILKKNEDIIN----KLQEITEIEERRYLDPDLNTSDMAFYASEKAISDAGIDSETLDYIIVADIRHDDLVPTLASRVKHLLKIENDCVAYDLPFGCPGWLQGVIQADYYIKSGDAKRILVIGAE--------TLSRISDPH--------DIDSMIYSDGAGAVILE-----GKSSDTPIGILAHKTRTDTLTQAHYLKMKDNTLFLKMNGRKLYEYALTNVPLVVGLTIQEIKKVLIHQANAKMDAAILKLFEVEPEKIMPMISKLGNNSVATIPILYDMIEELEAIHSGDYLVLASVGAGMNVNALIYLV
2483033.3.peg.4057_Sedimentitalea_mesophile,FKFPALMLTVFG,AVLE--VFNDGQ,ACANASCLSFLTSEFHQANQIAASMPLGTSAGN,ACAVVNASCLSFLTASELFGCGFVPHQAAGNQIAASMPTMLGTSAGVNFG,GACAVVNASCLSFLTAFEVFSSE---ALFGDGGLLMRYCQHGNFGLFVPHQASALMISYGNQIAASMPTALMLGTSAGVNFGGM,MP--KCFKNTKDTDFMQSKFPLGLSVQVAGTGHCVPSTRVTSEEIDTK-------MGFPCGYLTRASGVRSRYVCDQEDQV-DMAVDACQKAITAAGLTPGDIDLVLGACAVPYQPLPAMAPLVMGRLGMADGCAAFDVNASCLSFLTAFELAASKIALGQNQQVLVFSSE----VASRALPWQEQPDV----------AALFGDGAGAAVL---KAPGDAPRLRASLMRSYPSHYDACQHNDPKGFNEHAVFRMDGKNLFRQFVQELLDRAEWTAADIDVVVPHQASPLALEHMVSKTDLNPDQIVDISQSYGNQIAASMPTALDFALQQGRIGSGSRVLMLGTSAGVNFGGMALDF
2508880.3.peg.322_Salinibacterium_psychrophile,LLVTHTIMVLTM,VSEEDAILSVMV,TSVANACLGFVSNELHQVNVGPASIPMGVGSGN,TSVSVANACLGFVSGNETLGCMLVTHQVHGNVGPASIPILMGVGSGLNTA,NTSVSVANACLGFVSGMNIVNGEDAASTLGSGAIVTRHCVGMTLGLVVTHQVSHTITFYGNVGPASIPITLLMGVGSGLNTAMM,-----------------------------------------------------------------MAGVLERRNWAEGETSDDATVSAGQRALAEAGVDASEVGLLINTSVSRKHLEPSVAVRLHHGLGLPSSAINFDVANACLGFVSGMNLAANMIESGQIKYAIIVNGEDADDIQTNTIDRLLKQDSDREGFMSEFASLTLGSGAAAAVLGRTDEHPAGHPILGGVTRAATQFHELCVGSVDGMFTDAKALLKGGLDLVVSAWKEASTEWDWS--KMDLYVTHQVSSVHTNAIVKAAKLDRDRVPTTFPLYGNVGPASIPITLDEAQ--GTLKKGDRVLLMGVGSGLNTAMMELAW
254787.3.peg.2962_Paeniglutamicibacter_psychrophile,LLVTYTIMVLTM,VTEEDATLGLMV,TSVTNACLGFVNAELHQVNVGPASLPMGVGSGN,TSVTITNACLGFVNGAETLGCMLVTHQVYGNVGPASLPMCMGVGSGLNTA,NTSVTITNACLGFVNGMTVVAGEDAATTLGSGAIVSRHCVGMTLGLVVTHQVSYTITFWGNVGPASLPMTLCMGVGSGLNTAMM,--------------MNGNATFRHDNAALLAVTSVQAPRVLSSAEFDERLAPSLKRLRLSKKLLERVSGVMERRWWSDGTSFDDAAVEAGGKAMAEAGVEPGQIGLLINTSVTRRNLEPSVASKIHNDLGLPSSAMNFDITNACLGFVNGMTLAANMIDSGQIKYALVVAGEDAQPTQETTFARLNAEDSTREDYLNQFATLTLGSGAAAAVIGPADAHPGAHRIVGGVSRAGTEHHELCVGGLNGMYTDTKGLLDNGLELVVSAWDEAHQS-GWNWKSMDRYVTHQVSNSYTNAIIKAVDLVRDRVPITFPKWGNVGPASLPMTLAQ--ESKTLKPGDRVLCMGVGSGLNTAMMELAW
756698.3.peg.3339_Moritella_psychrophile,LVACNQVLILCM,VCEESAIGGLMM,TGVSNACLGALSSEGHQVNMGTVSLPLGIGSGN,TGVCISNACLGALSGSETGGCMLICHQVNGNMGTVSLPVFLGIGSGLNCM,YTGVCISNACLGALSGMLVVSCESAATTGGSGVNLGAHCQWMTLGLAICHQVGNQVTFLGNMGTVSLPVTAFLGIGSGLNCMML,--------------------MKYNRVFINSLTYELAPEIITSTALELRLAPLYQKLRIPIGQLAALTGITQRRWWPKDYMLSDGALIAAQKALDETGINVSDIGAVVYTGVCRDQHEPATACRIAAKLGVSNNTAIYDISNACLGALSGMLDIANRIELGQIKAGLVVSCESARHIVDVTIDDMLA-DPTIRNYATSLATLTGGSGAVAILLTDGSLNLAGSRNHQLLGASAPEHHDLCQWGLKEMRTDAVKLLKEGVALAQETWQQFLEQRQWTPEDVDKVICHQVGAANQKKVLTALNIPVEKEFPTFKYLGNMGTVSLPVTAAMADEEGFLKKGDNVSFLGIGSGLNCMMLGLKW
698738.7.peg.1803_Oleispira_psychrophile,HLWHFVLVAFTF,IAEEYIIVRYYT,CSISNACAGMFSSEVHQVNTSSTSHFVPAASGV,CSIAVSNACAGMFSGSETVGAYHIHHQVFGNTSSTSHFIMVPAASGFVTG,SCSIAVSNACAGMFSGLYVVSGEYIGSTVG-DGINLISAIGYSHRIWIHHQVGFVLVLYGNTSSTSHFIVLMVPAASGFVTGFL,----------------------MTKARFESIGAYIPNKRVSTEELTANMNPQFD--------LEAITGIKTRSWKEDKDDSYTMAIDAANSCLENSKYEAADLDIIISCSIARSYYEPPMSLFLKHKLG-AHKAIFFDVSNACAGMFSGLYILESMIKAGVVKNGLVVSGEYISTIAETAVLE------AKDIYDPQFGSLTVG-DAGAAVILD-KAVDDNDVIDCFNLISTPEYSDLAIGRYAMYASNSKMHTEERLKIWFQIDMLAKEGKDFKSEQFDYIIHHQVGSKFVERLLKAFSAEQPESLNVLEKYGNTSSTSHFIVLYEYLKANKLKDKSKILMVPAASGFVTGFLSMSI
1220571.3.peg.752_Alicyclobacillus_thermophile,LFAPIIAVFLWA,VTFDLLVFTAIT,ATVSAACTGFLYGDFHQANTSAASIPVGFGAGT,ATVTLSAACTGFLYGGDLFGMILVPHQAIGNTSAASIPVLVGFGAGLTWG,CATVTLSAACTGFLYGVAVIGADLLTCLFGDGGFKHLGMPAIGLGFAVPHQANIIATIYGNTSAASIPVALLVGFGAGLTWGAA,---------------------MTIRAGILGTGSALPDQVLTNADLEKMVE-------TDDEWITSRTGIKERRIAPEGTTTSDYATLAAERALADAGMAASELDFIICATVTPDMMFPATACLVQDRIGAT-HAGAMDLSAACTGFLYGVATAAAMVESGRFRRVLVIGADLLSRVVD---------------YQDRTTCVLFGDGAGAAVVGPVDGERGFLSFNGGKHLYLPAGGSKMPATAESIEGRMHYLKMEGFKFAVKAMAATEQVLGLTRDDIDLLVPHQANIRIIEAARERFGIPVEKVVMTIQKYGNTSAASIPVALDEALREGRAKTGDLVVLVGFGAGLTWGAAALRL
1169913.3.peg.856_Vulcaniibacterium_thermophile,LLGIHTFLILCM,VSEETAALDLMI,TSVANACLAFLNDELHQVNIGPASVPLGIGSGN,TSVSVANACLAFLNGDETLGCMLVIHQVHGNIGPASVPILLGIGSGLNCS,NTSVSVANACLAFLNGMDVVDGETAATTLGSGAYVTRNCRGMALGLGVIHQVSHTFIFHGNIGPASVPIVLLLGIGSGLNCSMA,--------------------MLFQHVAIAGLAHIDAPRRLTSEEIHSRLKPTLDRLGIKYNVLEEVAGVRERRLWDGPVRASDAATLAGVKALADAGIDADRIGLLVNTSVSRDYLEPSTASIVAGNLRLPDTCQNFDVANACLAFLNGMDIAGRMIERGEIDYALVVDGETADLAYEKTLERLSRAEITEQDFRDEMATLTLGSGAAAMVLARAELAPGAPRYKGGVTRSATEWNQLCRGDLDRMIADGRMLMIEGLKLGQKTFTAAKAVLGWAVEELDQFVIHQVSKAHTQAFLRAFRIDPKKVMTIFGEHGNIGPASVPIVLSKLREMGRLKKGNRIALLGIGSGLNCSMAEVVW
2026735.166.peg.848_Deltaproteobacteria_psychrophile,IVLPINYLLV-W,LSFE--VLNRPT,ATLRQQCTGFLYGELHQANTTAASIPLGLGSG-,ATLSIRQQCTGFLYGGECLNLPIIPHQAIGNTTAASIPLFLGLGSGV--T,FATLSIRQQCTGFLYGLVLVGGE--AACLNAGLIASRDLAEPMIARLIPHQANINYNIYGNTTAASIPLAMFLGLGSGV--TWG,----------------------MRKTIIKGTGRYVPERLVTNDDLTQWME-------TSDEWIEQRTGIKQRYWIPEEVGASDLGLEATKIALEKANWQPEDIDMIIFATLSPDAFFPGSGCFLQHKLGLSD-TPALDIRQQCTGFLYGLVTADAYIRSGLYNRVLLVGGE----VHSTGIDISTRGRDVAVIFGDGAAAVCLNAGVLASTLHAQGEFAESLWIEAPASRQMPRIDKMLAENRHYPSMDGKNIFKMAVRRLPEVTMKVLKQSGLTLEDIDLIIPHQANLRINQFYQHSMKIPEGKVYNNIHKYGNTTAASIPLAMDEALEKGLIDDSSTLLFLGLGSGV--TWGGCIY
2019672.3.peg.2803_Fischerella_thermophile,LKFPIIVLFLCA,MMFEVLCFSIVT,ATMSAACSGFVYGEFHQANTSAASIPLGFGAGT,ATMMISAACSGFVYGGELFGLVLVPHQAIGNTSAASIPLMLGFGAGLTCA,VATMMISAACSGFVYGLEVIGAEVLTCLFGDGGADLLGLPAVNLGLFVPHQANIIVNLYGNTSAASIPLALMLGFGAGLTCAAS,----------------------MIPIKLSTLGIYVPTKVMTNHDIAKIVDTSDEWIRTRT-------GIIERRIAAPEENTSTLATAAARQVLSKHGIDPLAIEMILVATMMPDTPFPSVACKVQNSIGATN-AFAFDISAACSGFVYGLEIASQFIKTGAVRNALVIGAEVLSRCID---------------WQDRSTCVLFGDGAGAVLLEENCFLSSVLRADGQDLLFMPAGGTALPASIQTVENRQHFLKMKGKELFQDAIIDTCEQAKISIENVKLIVPHQANFHIIEEVAVFLGIPFERFMCNLHKYGNTSAASIPLALFDAVQEGKIVPDDYVMMLGFGAGLTCAASLIRW
2026735.148.peg.1837_Deltaproteobacteria_psychrophile,LVALNTLMILCM,VCEENSVLQVMV,TSVGNACLGFLNDELHQVNVGPAAVPMGIGSGN,TSVCLGNACLGFLNADETLGCMLILHQVNGNVGPAAVPMLMGIGSGLNCS,NTSVCLGNACLGFLNAMDVVDGENSATTLGSGAFVTSHCRGMTLGLAILHQVSNTLAYLGNVGPAAVPMVLLMGIGSGLNCSMS,--------------------MRFDQVSISSVSHVDGADRVTSAELETKLAEPMRRLGLQPGFLEGVTGIRARRMWGVEFQPSQAATAAAELAIAQAGIDRSRLGIVINTSVCRDYIEPSTSCIVHSNLGLGPDCMNFDLGNACLGFLNAMDIVGNMIERGQIEYGLVVDGENSRFVVESTIARLNDPDLDEATFRENFATLTLGSGGAAMVLGRSDQMSVGHRFVGGVTSAATEHHQLCRGQVDQMQTKSKELLIAGVTLAKQTYAMAKRELGWNPDAVAEYILHQVSRANTDKLAEALELPTDKFMHAYVELGNVGPAAVPMVLSKAAEAGRIQPGDRVALMGIGSGLNCSMSEIIW
2268124.3.peg.401_Candidatus_thermophile,LKIPNRIMILSM,VCEETAIGGFMM,AGVSNACLGVLNAEGHQVNMGTVSLPMGIGSGN,AGVCISNACLGVLNGAETGGCMLIPHQVNGNMGTVSLPVFMGIGSGLNSL,YAGVCISNACLGVLNGIVIVACETAATTGGSGALTAMHCRWMTLGLIIPHQVANRITFLGNMGTVSLPVTAFMGIGSGLNSLML,--------------------MKFSRVVLEAIGYELPTNVITSSWIEERLRPLYQRLFLQPGQLEALTGIKERRWWNPGHVNSHEATKAARKALEETDVPVSDIGALVYAGVCRDDFEPATACAVAANLGLPPTAMIYDISNACLGVLNGIVDIANRIELGQIKAGLIVACETAREITTIMIERMIA-EGSMDFFKQALATLTGGSGAAGVVLTDGSYAPDRPRLVGATAMAAPQHHRMCRWGFDRMETNAIGLLTHGKELITRLGQAFYQEMQWARETIDRLIPHQVANANRLAILEGLGISPDKDFSTFPFLGNMGTVSLPVTAAIAAERGVLQRGQRVAFMGIGSGLNSLMLGWQW
2026799.183.peg.457_Verrucomicrobia_psychrophile,LVACHRLLIICM,VCEENGLIDAMT,ASVSNACLGFLNVEIHQVNTGSAALPLGIGSGN,ASVCLSNACLGFLNSVETIGCMLVCHQVHGNTGSAALPVLLGIGSGINCM,HASVCLSNACLGFLNSMVVTVGENGANTIGSGCLACRSCLGMTLGVAVCHQVGHRLTFFGNTGSAALPVTLLLGIGSGINCMML,--------------------MKFQNVVLESLAYAQPPEVLSSEQLEERLRPLYERLKLPFGRLELMTGIKERRFWPSDHRPSAASAEAGLSALERSGIMRDQVEVLIHASVCRDMLEPATAAFVHKELGLRDDCQVFDLSNACLGFLNSMVLLGSMIDSGQIRCGMVTVGENGRPLVEKTLAELLEKPLTRNGIKPYFANLTIGSGACAGVLCHEDLAPGGHRLLAGACRAATQHSNLCLGDALAMQTESELLLDAGVAVAADTWEAFKLNTDWDEQTPDRIVCHQVGSVHRRRLYETLKLDPKRDFSTFEAFGNTGSAALPVTLARAVEEGAIKVGDRVALLGIGSGINCMMLAMQW
2026809.16.peg.2167_Epsilonproteobacteria_psychrophile,LISGHELLILSM,VCEENSLISGMT,ASVSNACLGVLNSEIHQVNTGSAALPLGIGSGS,ASVCLSNACLGVLNSSETIGCMLIGHQVHGNTGSAALPLLLGIGSGLSSI,FASVCLSNACLGVLNSIIVVSGENSANTIGSAVLASLNCQGMTLGLSIGHQVSHELTYFGNTGSAALPLTLLLGIGSGLSSIML,--------------------MKFSQTRMHSLTYHVPEKVLSSTEIENEISEVYNKLNMSPGRLEMMTGIKERRYWEKGTSPGKMAAIAGKSALEKADISPKDVDLLIFASVCRDFLEPATASVVHHELGLPASCNFFDLSNACLGVLNSIIVAANMIETGAIRCALVVSGENSGPLLFETLNYIKSPDIKRKEIKKLFANFTIGSAAVGLVLTHKDFYPWGLKLLGGASLSDSTANNLCQGSGDMMETDSEKLMKAGIDLSKRTWEKTKETLNWSNHTPDWIIGHQVSKAHENELLKNLNLEDKNTYTTYEKFGNTGSAALPLTLAKLMDSKELAAGQSLALLGIGSGLSSIMLGVTC
326427.4.peg.556_Chloroflexus_thermophile,LVAPHMVLILCM,VCEEGSALQPMI,TSVRNACLGFLNDELHQVNIGPAALPLGIGSGN,TSVCVRNACLGFLNGDETLGCMLAPHQVHGNIGPAALPILLGIGSGLNCS,NTSVCVRNACLGFLNGMAIVDGEGSATTLGSGALVTLNCLGMTLGLAAPHQVGHMVNFLGNIGPAALPISLLLGIGSGLNCSMM,--------------------MLFKHVMIEAVSYVLAPHRITSAWIEDQIAETMERLRFPRGKLEALSGIRERRFWDEGTLPSTVATMAAEQLLQQVSVDRDRIGLLINTSVCQDYLEPSTACFVHRNLGLSPRAINFDVRNACLGFLNGMAIAGMMIEAGTIEYALIVDGEGSQDAVMATIRRLRRPETTKQDLRDNFATLTLGSGGAAMLLTHECLSRSGHRLNGVVTLAATQYNHLCLGQPDYMKTDAGALMHAGVELATATWRLAQETLNWSDRQIALYAPHQVGARHMAAVTKALGITPSKLFLNFPTLGNIGPAALPISLAQAVEAGRLRPGDHVGLLGIGSGLNCSMMSVTW
575540.3.peg.2557_Isosphaera_thermophile,VAGCHRILILCM,VSEESAIGGIVI,GGVSNACLGVLTSEGHQVNIGTVSLPLGIASGN,GGVSVSNACLGVLTGSETGGCVVICHQVHGNIGTVSLPLWLGIASGLNCM,YGGVSVSNACLGVLTGMVVVSCESAATTGGSGALVTRHCRWVTVGLGICHQVGHRITYLGNIGTVSLPLTAWLGIASGLNCMML,--------------------MRYSRVFVDAIGYELPPIVVSSDDLEERLAPVLSALRIPRGQLKAWTGIVERRWWEEGFPLAQGAIQAARRALEASRVRPHEIEAVIYGGVSRELFEPATACQVAADLGVADHAVVHDVSNACLGVLTGMVEIANRIELGQIRAGIVVSCESAREINEITIEELLAHVHDLERFKEGVATLTGGSGAAAVVLTDGSFGPEGRRLLGGVTRTAPQFHALCRWGIEAVLTDSLAVLKHGADLGFRTWGAFLRKLGWSQELIDKIICHQVGQSHRDAILRALGIAPEKDFPTYPYLGNIGTVSLPLTAALAEERGFLKPGDRVGWLGIASGLNCMMLGLEW
BANHCEAM_01906_Planctomycetota_Ga0077529_UBA11888_marine,LVGCQRLLIICM,VCEECGLILQMT,GSVSNACLGLLSGEIHQVNTGAAALPLGIGSGN,GSVCASNACLGLLSGGETIGCMLVCHQVQGNTGAAALPLMLGIGSGINCL,HGSVCASNACLGLLSGLIVVGTECGASTIGSGVVSYLHCQGMTLGTGVCHQVGQRLTLLGNTGAAALPLTMMLGIGSGINCLMV,--------------------MQYQRAYLESFGYTLPKEIVSTDELEQRLAPVYERLRLPHGRLELMTGIQTRRFFPPHTSPSSKSILSGEKAIQASGIDRKHIGALVHGSVCRDFLEPATACGVHHGLKLSSDCLIHDASNACLGLLSGLIQVANMIELGQIRAGLVVGTECGRQLVENTIERLTDSSLTRQDIKHLIASLTIGSGSVAMLLCNDELTQTGNRVTAASYLAHTDQHQLCQGLQSFMHTDSEQLMHEGVATGAETFAKFLTETGWPPEKIDKTVCHQVGVAQRKLLFETLELNPKIDYTTLETLGNTGAAALPLTMALALENGHILPKDRVAMLGIGSGINCLMVGVLW
KJAEJPNA_02951_Proteobacteria_NA_HK1_marine,VVGCHRILILCM,VCEESAIGVFMM,AGVSNACLGVLNAEGHQVNMGTVSLPLGIGSGN,AGVCVSNACLGVLNGAETGGCMVICHQVHGNMGTVSLPLFLGIGSGLNCL,YAGVCVSNACLGVLNGIIVVACESAATTGGSGALAHKHCRRMTVGLGICHQVGHRITYLGNMGTVSLPLTAFLGIGSGLNCLML,--------------------LQYSRVHIDALGYELAPIVVGSDELEDRLSPVYKKLRIAPGQLEALTGIAERRWWEDGYTITEGAAAAANKALANAGLTGSDVDVLIYAGVCREHFEPATACAVGDAIGISQDAYVYDVSNACLGVLNGIIDIANRIELKQVRCGMVVACESAREIVGIAINRMLA-DPSMETFRDSIATLTGGSGAAAVILTDNSFSPARRKLLGAAHKAAPEHHRLCRRVFTRMLTDSVAVLRHGVELGVRTWGSFLKNMGWAKDHVDKVICHQVGAGHRDTILKELGIPPEKEYPTYPYLGNMGTVSLPLTAALAEQRQFLRTGDRVGFLGIGSGLNCLMLGFQW
HBIFKGPJ_00817_Verrucomicrobiota_MB11C04_MB11C04_marine,LVATHQILILSM,VCEENGLINGMC,SAVSNACLGFLNAEIHQVNCGSVSLPLGIGSGS,SAVCISNACLGFLNAAETIGCMLVTHQVHGNCGSVSLPILLGIGSGLSSL,HSAVCISNACLGFLNALIIVAGENGANTIGAGVLANSNCEGMTLGVAVTHQVGHQITYLGNCGSVSLPITFLLGIGSGLSSLML,--------------------MSFSRVVIEKMAYALPPQVVTSEQLEQNLEPLYERLNLQVGRLELMTGIKERRFWESNHKASQASAEAGVKLLEEGNIDPRDVDLLIHSAVCRDRLEPATASYVHKLMGLGHNTQILDISNACLGFLNALILAGSMIEQGTINRAIIVAGENGKPLVDETIKLLNEANLDRKSIKPFFANLTIGAGAVAWSICRDEQMKTLPRLSQFANSTDTSHNQLCEGNGMLMQTDSEELLHAGVTVASNAWEKFLKTSRWNSQTPELVVTHQVGRAHQQAIEKALSYNPKKSFTTYELLGNCGSVSLPITFTLACEKNPAFLQVKSALLGIGSGLSSLMLALNN
LEOFMAAP_01462_Desulfobacterota_UBA2156_UBA2156_marine,IVGCHQILILCM,VCEESSIGGMEI,GGVSNACLGVLNAEGHQVNIGSVSLPLGIGSGN,GGVCISNACLGVLNGAETGGCEIICHQVHGNIGSVSLPIFLGIGSGLNCL,YGGVCISNACLGVLNGMVVVACESSATTGGSGVLVARHCMWETIGLGICHQVGHQITFLGNIGSVSLPITAFLGIGSGLNCLML,--------------------MRYSKVYIDSLGYELPPQVVTSEDLEKKLKPLYKALHFQKGQLEVLTGIHERRFWKPNYKMSEGAIRAARKVIEDSNISAEDIGILIYGGVCRDNAEPATACAVSHGLCLGTETQVYDISNACLGVLNGMVHVANAIELGQVRAGLVVACESSREIIDITTDRLVETK-DINFLKNNIATLTGGSGSVAVLLTDQSLSSRGHRLLGGVARSANEHHKLCMWGMETEVTDSIEILKHGVTLGGKTFKTFQKTLNWLDNAPDKIICHQVGATHQRNILSAIKIPKEKDFTTFKYLGNIGSVSLPITAAIAAEREFLVKNDRVGFLGIGSGLNCLMLGIEW
EHFHOKCJ_02025_Acidobacteriota_UBA8438_UBA8438_marine,TVGCHRIFILCL,VCEESAIGGAMI,GGVCNACLGVMNSEGHQVNIGTVSIPFGIGSGN,GGVCTCNACLGVMNASETGGSMTICHQVHGNIGTVSIPIFFGIGSGLNCL,YGGVCTCNACLGVMNAMFVVSCESAATTGGSGILVVHHSHWMTTGLGICHQVGHRITFLGNIGTVSIPITAFFGIGSGLNCLLL,--------------------MRYSHVNIESIGYELAPHVVTSAALEDRLAPIYDALRLPTGQIAALTGVRERRFWDAGQRMSDAAAKAGRKALSAAGVAPDEIGMLVYGGVCRDNLEPATACATADALGIRGAAIVHDTCNACLGVMNAMFQVANAIELGQIQAGLVVSCESARQIVDLTIARMAAAP-SMEVFKKSMATMTGGSGAIGIVLTRASRSAGGHRLVGGVVHAAPEHHALSHWGADVMETDAVGTLHHGVALGTDAFQAFVSELDWP-GGPDRVICHQVGAPHRAAILSAMDIPVERDFSTFEHLGNIGTVSIPITAAIADERGELQRGQRVGFFGIGSGLNCLLLGLEW
BOCAEBNK_01452_Planctomycetota_Pirellulaceae_UBA11883_marine,LIGCHRMLIICM,VCEEDSLIGRAT,GSVSNACLGQLNGEIHQVNTGSAALPLGIGSGN,GSVCVSNACLGQLNGGETIGCALYCHQVHGNTGSAALPVMLGIGSGINCL,HGSVCVSNACLGQLNGIIIVGTEDSASTIGSASIAAQHCHSATLGTGYCHQVGHRMTFLGNTGSAALPVTLMLGIGSGINCLMI,--------------------MQYTNVNLEALGYTLPPNSISTSELEAELAPVYQRLSLPEGRLELMTGISARRYWDSDTLPGDKSIESGNSAIQDSGIDRNSIGMLVHGSVCRDHLEPATAARVHHELGLSADCHIYDVSNACLGQLNGIIQAANAIELGQIQAALIVGTEDSRHLMHSTINHLNTDSITRSSIKNTIASLTIGSASSAILLTHRSISTHDNPIVAAAAQSDSRHHKLCHSGRDEAVTDSETLMHEGIQTGVRTFEQFLNRSKWRRDEISRSYCHQVGSAHRKLMLDSLGLPLDRDFTTFQWLGNTGSAALPVTLAIGIEQQAINESEKIAMLGIGSGINCLMIAAQL
LNBHEIKM_01765_Verrucomicrobiota_Opitutaceae_UBA5691_marine,MVACHQLLILCM,VSEENGLIDSMT,CSVSNACLGFLNSEIHQVNTGSAALPLGIGSGN,CSVSVSNACLGFLNSSETIGCMMVCHQVHGNTGSAALPLLLGIGSGLNCL,HCSVSVSNACLGFLNSLTVVSGENGANTIGAGVLAYLNCQGMTMGLAVCHQVGHQLTFYGNTGSAALPLTLLLGIGSGLNCLML,--------------------VRIQSTVIDSIAYVSPPSVWSSEYIEKKLGPLYERLRLPEGRLRLMTGIRERRFWDHLIRPSEASAEAGREALKRSGIAAEAIEVCIHCSVSRDMLEPASASFAHRLMGLSPKTQVFDVSNACLGFLNSLTILSAMIDSGQVRSGIVVSGENGRPLLERTIQLLLEGDFDRKTIKPYFANLTIGAGAVAAVVCHESMSPSGHRLLGGAYLADTTNNDLCQGDSNEMQTDSEEMLYAGVNLAERTWELFRSELNWKTKTVDRVVCHQVGSAHQKLLFETLGLDTDRDYSTFAEYGNTGSAALPLTLAKAAADGFINKGDKVGLLGIGSGLNCLMLGVEW
MDAOOEFB_04742_Myxococcota_UBA6777_UBA6777_marine,MVGCHQILILCM,VCEESSIGGPGM,GGVSNACLGVLTSEGHQVNMGTVALPLGIGSGN,GGVCVSNACLGVLTGSETGGCGMICHQVHGNMGTVALPLFLGIGSGLNCL,YGGVCVSNACLGVLTGVLVVSCESSATTGGSGVLIVKHCRWGPMGLGICHQVGHQITYLGNMGTVALPLTAFLGIGSGLNCLML,--------------------MRYNKVYIESIGYELAPHVVGSDDIEEQLAPLYKKLHIPEGQLEAWTGIEERRFWDIQHTMAEHAAVAGKDALERAGVEASQIEMLIYGGVCRDNLEPATACAVADAVGIPQAAQIFDVSNACLGVLTGVLQVANAIELGQIKAGLVVSCESSRQIVEATIQELLE-KSDMDTLRTSIATLTGGSGAVGVVVTHESITKGGHKLVGGIVKNASEHHELCRWGPDSGIPATRPMVMEGVILGAQTYRAFREELGWEL--PDKVICHQVGSAHQEQILKTLEIPAGRDFTTYEYLGNMGTVALPLTASIADERGFLQSGDKVGFLGIGSGLNCLMLGLEW
KMMHOJIE_01354_UBP17_UBA6191_UBA6191_marine,LTASHRVMILCM,VCEEAAVLGPMT,CSVSNACLGFATSELHQVNTGSVAMPMGIGSGV,CSVCVSNACLGFATGSETLGCMLFSHQVHGNTGSVAMPILMGIGSGLVCT,NCSVCVSNACLGFATGLSVVSAEAAPSTLGSGVFISLSCLWMTLGLAFSHQVGHRVTFLGNTGSVAMPITMLMGIGSGLVCTMY,--------------------MMYSNVYVGGMGYEIPRNVLKTEIMEKQLAPVYGQLNIGPGKLQMMTGLKQRRFWNDNLRPSEAATKAAIRALEQSPISTDQIGALVNCSVCRDYLEPSTATIIAKSLKLKSDTILFDVSNACLGFATGLSVVSNMIELGQIEAGIVVSAEAASEVVENTIKTLVE-NPSEELLLASIPSLTLGSGSVAYILCKKDIAPRGLQFEGGISLNDSQQSNLCLWGPDTMVTDGKTLLDKGTKLAAQTWSKFTKLTGHSKSSMDVIFSHQVGILHRNVVFEALGLDVSKDFTTFEYLGNTGSVAMPITMAIGIEKGAFEPGQRAVLMGIGSGLVCTMYSVRW
DFCJGBFB_01261_Planctomycetota_Planctomycetaceae_Fuerstia_marine,LIATHRLLILSM,VCEETGLIDVMT,GSVSNACLGLLNGEIHQVNTGAVALPLGIGSGN,GSVCVSNACLGLLNGGETIGCMLYTHQVHGNTGAVALPMLLGIGSGLNSV,HGSVCVSNACLGLLNGMLIVGTETGASTIGSGALAVRHCAGMTLGLAYTHQVGHRLTVFGNTGAVALPMAMLLGIGSGLNSVML,--------------------MRYEHVCVEAVVHNPPPEVVTSEQIEDHLAPVYERLRLPAGRLELMTGIEERRFYQVGTLPGSISQQTVKMAVEQSGVAADEFGALLHGSVCRDRMEPATATGVHAASGLPDQCVVMDVSNACLGLLNGMLLIADMIELGRIRAGVIVGTETGRGLVEGTIHSLLHDELTRQSIKAAFASLTIGSGSAAVVLTHQQISKTNHRLLGGAVRSDTAHHELCAGDVDRMNTDSEALLHAGIALAEKTWAEARSELGWSNSDVDRIYTHQVGRQHRKLLVERLELDPQRDYPTVERFGNTGAVALPMAMAMGLQDDPPAKGTKLALLGIGSGLNSVMLGIEC
GCDEAADJ_01881_Planctomycetota_Pirellulaceae_UBA721_marine,LIGCHRMLIICM,VCEEDSLIGKAT,GSVSNACLGQLNGEIHQVNTGSAALPLGIGSGN,GSVCLSNACLGQLNGGETIGCALFCHQVHGNTGSAALPVLLGIGSGINCL,HGSVCLSNACLGQLNGIAIVGTEDSASTIGSASLTAQHCQSATLGMGFCHQVGHRMTFLGNTGSAALPVTLLLGIGSGINCLMV,--------------------MRYKNVVIESLGYTLPPVIVSTDALEQELQPAYQRMRLPEGRLELMTGIRERRFWEPGTLPGDKSIESGQQAIAVADIDPQKIGMLIHGSVCRDHLEPATACRVHHALGLRRDCTIYDLSNACLGQLNGIAMAANAIELGQIEAALIVGTEDSRPLVENTVRSLNQDHVTRKTVKMAVASLTIGSASSAILLTSRAISQTDNLLHAVTAQANTEFHNLCQSGKDEAVTDSERLMAEGIAMGKMTFEQFLKDTQWQRGDLHRSFCHQVGAAHRKLMLESLQLPEANDFTTFQWLGNTGSAALPVTLAVGLEQGFVEPQENVGLLGIGSGINCLMVGVSF
GPLNKHOO_02694_Proteobacteria_Alteromonadaceae_Colwellia_marine,LVACNQVLILCM,VCEESAIGGLMM,TGVSNACLGVLSSEGHQVNMGTVSLPLGIGSGN,TGVCISNACLGVLSGSETGGCMLICHQVNGNMGTVSLPVFLGIGSGLNCM,YTGVCISNACLGVLSGILVVSCESAATTGGSGVLSHLNCQWMTLGLAICHQVGNQVTFLGNMGTVSLPVTAFLGIGSGLNCMML,--------------------MKYSRVFINSLAYELAPEVVTSAELESRLTPLYQKFRIPMGQLNALTGIEERRWWPADHMLSDGAIVAAQKAMTETGIDVADIGAVVYTGVCRDQHEPATACRIAAKLGVLKNTAIYDISNACLGVLSGILDIANRIELGQIKAGLVVSCESARHIVDVTIDDMLA-DPSMQNYARSLATLTGGSGAVAVLLTDGTLNLDTDRLLGASHLSAPEHNNLCQWGLKKMRTDAVSLLKEGVSLAKDTWEHFLEQREWVEENVDKVICHQVGAANQKKVLTALNIPAVKEFPTFKHLGNMGTVSLPVTAAMAHDQGFLQKGDNVSFLGIGSGLNCMMLGLKW
DEBJIJGM_01967_Planctomycetota_Pirellulaceae_SAT2750_marine,LIGCHRLMIICM,VCEEESLIIQAT,GSVSNACLGLLNGEIHQVNTGSVALPMGIGSGN,GSVCVSNACLGLLNAGETIGCALICHQVHGNTGSVALPILMGIGSGINCL,HGSVCVSNACLGLLNAMVVVGTEESASTIGSGALTAFHCQSATLGTGICHQVGHRLSFLGNTGSVALPITLLMGIGSGINCLML,--------------------MQFQRVRLASIGYTLPQEVLSSDWIENQLAPLYTRLGLPPGRLELMTGISQRRQWPAGTMPSERSAESGNRALAVGGIPPEKVDLLIHGSVCRDYLEPATASRVHHLLGLGADCHLYDVSNACLGLLNAMVQAAAMIETGQVRAALVVGTEESRYLLETTIQMLNNDSLTRQDIKLTLASLTIGSGSAALLLAHEDLAPQASPLLSATAFASTEHHELCQSIQDEAVTDSEALMREGIRTGQQTFERFLAQSGWSAGDIDRTICHQVGGAHRTSLLETLQLDEANDFASFPWLGNTGSVALPITLAVAAEQQFLQPDQKLALMGIGSGINCLMLGARW
JICLLOGD_01998_Verrucomicrobiota_Opitutaceae_UBA5691_marine,MVACHQLLILCM,VSEENGLIDSMT,CSVSNACLGFLNSEIHQVNTGSAALPLGIGSGN,CSVSVSNACLGFLNSSETIGCMMICHQVHGNTGSAALPIMLGIGSGLNCL,HCSVSVSNACLGFLNSLTVVSGENGANTIGAGVLVCLNCQGMTMGLAICHQVGHQLSFCGNTGSAALPITLMLGIGSGLNCLML,--------------------VHIKSTVIDSLAHVVPPEVWTSTDIEEKLKPLYDRLHLPEGRLELMTGIRERRFWNHAIRPSEASAEAGIKALEKSKIPPDKIEVCLHCSVSRDMLEPATASFAHRLMGLSPNVQVMDVSNACLGFLNSLTLLSAMIDSGQVRSGIVVSGENGKPLLERTIQLLLERKLTRKTIKPYFANLTIGAGAVAAVVCHESLSPNGHRLLGGVCLADTSNNDLCQGDSNEMQTDSEEMLHAGVSLARRTWESLKSELNWQNDDADRVICHQVGSAHQKLLFDTLGLDLKKAYSSFQTCGNTGSAALPITLAKAEEGGFVKKGDLVAMLGIGSGLNCLMLGAEW
KBIHHBEC_00076_Planctomycetota_NA_Brocadiae_marine,IVGCHRILILCM,VCEETAIGGIMI,AGVSNACLGVMNSEGHQVNIGTVSLPLGIGSGN,AGVCVSNACLGVMNGSETGGCMIICHQVHGNIGTVSLPLFLGIGSGLNCL,YAGVCVSNACLGVMNGIIVVSCETAATTGGSGALVTQHCRWMTIGLGICHQVGHRITYLGNIGTVSLPLTAFLGIGSGLNCLML,--------------------MKYSRVYLDTIGYELAPVVVTSEELEARLQPLYEALHIPSGQLEAITGIYERRWWEPDYSLSRGATLAAQKAIEISSVRPQDVDVLIYAGVCRENFEPATACSVAAGLGVNSSAAIYDVSNACLGVMNGIINIANQIELGQIRAGMVVSCETAREINDTMIQRMLEAQ-DMELFKLALATLTGGSGAAAVLLTDRELSGDRHRLLGGVTQAAPEHHGLCRWGIDQMSTDSVSILKFGVELGVKSWRALLTEIGWTADDVDKVICHQVGSGHRDTILEMLNIPIEKDFSTYEYLGNIGTVSLPLTAALAEEREFLQPGDRVGFLGIGSGLNCLMLGLEW
IGJJDNCB_00140_Nitrospinota_Nitrospinaceae_UBA8687_marine,LCACHRMLILCM,VCEENGLINGMT,ASVSNACLGVLNSEIHQVNTGSASLPLGIGSGN,ASVCVSNACLGVLNGSETIGCMLFCHQVHGNTGSASLPVLLGIGSGLNCL,SASVCVSNACLGVLNGMCVVSGENGASTIGSAALISINCRGMTLGLAFCHQVGHRMTLLGNTGSASLPVTFLLGIGSGLNCLMM,--------------------MRFKNVCIEGLGYHLPENRITSTDLEKRLSPLYKKLKLPQGRLELMSGIQERRFWDKGVFPSEVATIAGKKAIDHSGIDIKDIGCLISASVCRDFLEPSTASLVHNNLGLPKESFVFDVSNACLGVLNGMCIIANMIERDQIKAGLVVSGENGGPLVNNTIETLLATDVTRNNVKSSFASLTIGSAAAGILLVKSSLSKNKHQLMGGISIAETSFNHLCRGNGDLMETDSEKLMLEGCRLAGRTWGRTREILGWNNEDVSRVFCHQVGKGHRKLMYENVGLDIEKDFSTLEFLGNTGSASLPVTFAIGVEKCPLKKGDKAALLGIGSGLNCLMMGVEW
CAPHBDKE_00217_Proteobacteria_UBA4486_UBA7359_marine,VAGCHRILILCM,VCEETSIGGVMI,TGVSNACLGVMNSEGHQVNIGTVSVPLGIGSGN,TGVCISNACLGVMNGSETGGCMVICHQVHGNIGTVSVPLFLGIGSGLNCL,YTGVCISNACLGVMNGIIVVSCETSATTGGSGALANQHCRWMTVGLGICHQVGHRITYLGNIGTVSVPLTAFLGIGSGLNCLML,--------------------MKYSRVHMESIGYELPPVVITSEDLEQRLMPMYDALHIAPGQLESLTGIYERRWWEKGHILSDGAASAAKKALEQSNVEAKDIEALVYTGVCRENFEPATACAVAAQLGISDDANIYDISNACLGVMNGIIDIANRIELKQIRAGMVVSCETSREIVEIMIERMLK-DKTIDMFSSSLATLTGGSGAAAVLLTDGSFDNETHRLLGGANQSAPEHHKLCRWGVSFMSTDSVSVLKHGAILGVKTWGSFLMKMGWARDQVDKVICHQVGEGHRDTILKELGIAPEKDFSTYKYLGNIGTVSVPLTAAIADQRQFLKKGDRVSFLGIGSGLNCLMLGWEW
AGKJGFPI_02100_Gemmatimonadota_UBA6960_UBA822_marine,VVGCHRMLILCM,VCEETAIGGLAT,AGVSNACLGVLNSEGHQVNTGTAALPLGIGSGN,AGVCVSNACLGVLNGSETGGCAVVCHQVHGNTGTAALPVLLGIGSGLNCM,YAGVCVSNACLGVLNGVLVVSCETAATTGGSAVLVVEHCRWATVGLGVCHQVGHRMTYLGNTGTAALPVAALLGIGSGLNCMML,--------------------LRYTRVVIERFGYELAPCVVTSDELENRLAAVYQKLHVQPGQLFQMTGIQERRYWEPGYSVSQGATAAAEHALSDSSVPANALDMLIYAGVCREHFEPATACHVAAGLNIKESAHVYDVSNACLGVLNGVLDIANRIELGQIRAGMVVSCETARNIVDTTIARLTNNPI-MEEFKAAIATLTGGSAAVAVILSDGSFGEDRRRLRGAVVENAPEHHMLCRWGLEFASTDAAAVLEHGVALGSRTWDKFLTEMEWSVENVDRTVCHQVGSAHRDVMLRTMGLSPEQDFVTYEYLGNTGTAALPVAAALAHERGFLAPGQRVGLLGIGSGLNCMMLGVDW
COMALLLH_01633_Proteobacteria_Alteromonadaceae_Colwellia_marine,LVACNQVLILCM,VCEESAIGGLMM,TGVSNACLGALSSEGHQVNMGTVSLPLGIGSGN,TGVCISNACLGALSGSETGGCMLICHQVNGNMGTVSLPVFLGIGSGLNCM,YTGVCISNACLGALSGILVVSCESAATTGGSGVLSHLNCQWMTLGLAICHQVGNQVTYLGNMGTVSLPVTAFLGIGSGLNCMML,--------------------MKYTRVFINSLAYELAPEVITSNALESRLAPLYQKYRIPMGQLAALTGITERRWWPKEHILSDGALAAAEKAIKETGISVSDLGAVVYTGVCRDQHEPATACRIAAKLGVSKETAIYDISNACLGALSGILDIANRIELGQIKAGLVVSCESARHIVDVTIDDMLA-DPSMQNYAQSLATLTGGSGAVAILLTDGSFDLTTDRLLGASHLSAPEHNGLCQWGLKEMRTDAVTLLKEGVSLAKDTWEHFLEQRDWMTEQVDKVICHQVGAANQKQVLTALGIPTYKEYPTYQLLGNMGTVSLPVTAAMAHDQGFLKTGDNVSFLGIGSGLNCMMLGLKW
EOFIDKNB_01110_Gemmatimonadota_UBA6960_UBA1138_marine,VVACHRILILCM,VCEETAIGLAMI,AGVSNACLGILNSEGHQVNIGTVSLPLGIGSGN,AGVCISNACLGILNGSETGGCMVICHQVHGNIGTVSLPLFLGIGSGLNCM,YAGVCISNACLGILNGIHVVSAETAATTGGSGVVAQRNCRGMTVGLAICHQVGHRITFLGNIGTVSLPLTAFLGIGSGLNCMMI,--------------------MKYSKVHLEAIGYELAPVVVTSDELEERLEPLYKKLHIPQGSLETLTGIAERRWWEPKHSLSGSAAAAAKRALARTGVPAEALETVVYAGVCRENFEPATACAVAVELGVKGAVSVYDISNACLGILNGIHEIANRIELGQIRAGIVVSAETAREIVDVTIERMLS-DATMAAYTGGLATLTGGSGAVAVLITDGSFDNDTHRVLGGAQRAAPEHNDLCRGLADWMYTDAASVLQHGVTLANKTWQDFLGQMAWDPDQVDRVICHQVGTVHRDTILGSIGIDRKRDFSTFPYLGNIGTVSLPLTAALAAEREAMVQGDRVAFLGIGSGLNCMMIGVEW
JNICHHHL_03707_Verrucomicrobiota_Akkermansiaceae_Akkermansiaceae_marine,VVGCHQILILCM,VCEESAIGGIMM,AGVSNACLGVLNSEGHQVNMGTVSLPLGIGSGN,AGVCLSNACLGVLNGSETGGCMVICHQVHGNMGTVSLPVFLGIGSGLNCM,YAGVCLSNACLGVLNGILVVSCESAATTGGSGVLATHHCRWMTVGLGICHQVGHQITYLGNMGTVSLPVTAFLGIGSGLNCMML,-------------------------------------VVVTSEELEGRLAPMLRKLHVADGQLEHLTGILERRWWTPDTPVSQGATAAAKKVLAISGVPIAEIGSLIYAGVCRELYEPATACRVADGLGVNNSTAVYDLSNACLGVLNGILDVANRIELGQIRAGLVVSCESAREINDVMIERMLQME-DIKLFTLALATLTGGSGAVAVLLTDGSFNDNGHRLLGAATHVAPEHHALCRWGIEKMSTDSAAVLKHGVKLGKETWDSFLTKMDWSVDDIDRVICHQVGSGHQDSILKTFSLTPDKDFTTYEHLGNMGTVSLPVTAAMADERGVLKRGDNVSFLGIGSGLNCMMLGLKW
PPJKJBEN_01083_Proteobacteria_Alteromonadaceae_Alteromonadaceae_marine,LVACNQVLILCM,VCEESAIGGLMM,TGVSNACLGALSSEGHQVNMGTVSLPLGIGSGN,TGVCISNACLGALSGSETGGCMLICHQVNGNMGTVSLPVFLGIGSGLNCM,YTGVCISNACLGALSGILVVSCESAATTGGSGVLSHLNCQWMTLGLAICHQVGNQVTYLGNMGTVSLPVTAFLGIGSGLNCMML,--------------------MKYTRVFINSLAYELAPEVITSSALESRLAPLYQKYRIPMGQLAALTGIVERRWWPKEHILSDGALAAAEKTIKETGISVSDLGAVIYTGVCRDQHEPATACRIAAKLGVSKETAIYDISNACLGALSGILDIANRIELGQIKAGLVVSCESARHIVDVTIDDMLA-DPSMQNYAQSLATLTGGSGAVAILLTDGSLDLTTDRLLGASHLSAPEHNSLCQWGLKEMRTNAVTLLKEGVSLAKDTWEHFLEQRDWMTEHVDKVICHQVGAANQKQVLTALGIPTYKEYPTYQLLGNMGTVSLPVTAAMAHDQGFLKTGDNVSFLGIGSGLNCMMLGLKW
OILHCALI_01638_Verrucomicrobiota_Opitutaceae_UBA6669_marine,LVACHRLLILCM,VSEENGLIDTMT,AAVSNACLGFLNSEIHQVNTGSVALPLGIGSGN,AAVSVSNACLGFLNASETIGCMLICHQVHGNTGSVALPALLGIGSGLNCL,HAAVSVSNACLGFLNALTVCSGENGANTIGSGVLMARSCQGMTLGLAICHQVGHRLTFLGNTGSVALPATLLLGIGSGLNCLML,--------------------MKFEHTVIESIAVALPDDVLTSAQIEQRLAPLYERLKLPEGRLELMTGIKERRVWPTGTRPSDASAAAGRKVLTQSRLAAEHVELFIHAAVSRDMLEPATASFAHHKIGLPRTAQIYDVSNACLGFLNALTIAASMIESGQIKCALVCSGENGGPLVENTLNTLLEKPLSRQDIKPYFANLTIGSGAVAAVVCHDSLAPDGHRLVGGMARAATECSALCQGDTHAMQTDSEALLVAGVALAQETWTDFVKEVGWSRDEFTRFICHQVGSTHRRKLYEALELDLAKDFSTFETLGNTGSVALPATLATAADTGAIKHGDRVGLLGIGSGLNCLMLAVDW
GMOMBGHN_01628_Proteobacteria_Alteromonadaceae_Colwellia_marine,LVACNQVLILCM,VCEESAIGGLMM,TGVSNACLGVLSSEGHQVNMGTVSLPLGIGSGN,TGVCISNACLGVLSGSETGGCMLICHQVNGNMGTVSLPVFLGIGSGLNCM,YTGVCISNACLGVLSGILVVSCESAATTGGSGTLSHLNCQWMTLGLAICHQVGNQVTFLGNMGTVSLPVTAFLGIGSGLNCMML,--------------------MKYTRVFINSLAYELAPHVVTSIELESRLAPLYQKYHIPMGQLTALTGIEERRWWPKGHVLSDGAIIAAKKAIDETGIDIAELGAVVYTGVCRDQHEPATACRIAGALGVSNQTAIYDISNACLGVLSGILDIANRIELGQIKAGLVVSCESARHIVDVTIEDMLA-EPTMQNYAQSLATLTGGSGATAVLITDGSFTERNHQLLGASHLSAPEHNNLCQWGLKEMRTDAVTLLKEGVMLAKDTWTHFLDQRDWVIEQVDKVICHQVGAANQKQVLTALNIPPEKEFPTFKNLGNMGTVSLPVTAAMAHNDGFLKKGDNVSFLGIGSGLNCMMLGFKW
DLNKJDDL_01008_Proteobacteria_Shewanellaceae_Shewanella_marine,LVACNRVLILCM,VCEESAIGYRMM,TGVSNACLGVLSSEGHQVNMGSVSLPLGIGSGN,TGVCISNACLGVLSGSETGGCMLICHQVNGNMGSVSLPVFLGIGSGLNCM,YTGVCISNACLGVLSGILVVSCESAATTGGSGVLSHLHCQLMTLGLAICHQVGNRVTYLGNMGSVSLPVTAFLGIGSGLNCMML,--------------------MKYSRVFINSLAYELAPQVVSSSDLESRLAPLYQKFRIPMGQLAALTGITERRWWPKGHRLSDGAIAAAQKALNETGIDVSDLGAVVYTGVCRDQHEPATACRIAAELGVSKDTAIYDISNACLGVLSGILDIANRIELGQIKAGMVVSCESARDIVDATIDHMLA-EPTMQNFAQSLATLTGGSGAVAVILTDGTLTTRQHQLLGASHLSAPEHHQLCQLYREFMRTDAVTLLKEGVELAKHTWEHFLEQRDWVVERVDKVICHQVGASNRRQVLNALNIPHIKEYPTYQTLGNMGSVSLPVTAAIAHDEGFLRVGDQVSFLGIGSGLNCMMLGIKW
JFDPEIEM_00492_Proteobacteria_Psychromonadaceae_Psychromonas_marine,LVACNQVLILCM,VCEESAIGGLMM,TGVSNACLGVLSSEGHQVNMGTVSLPLGIGSGN,TGVCISNACLGVLSGSETGGCMLICHQVNGNMGTVSLPVFLGIGSGLNCM,YTGVCISNACLGVLSGILVVSCESAATTGGSGVHSHLHCKWMTLGLAICHQVGNQVTFLGNMGTVSLPVTAFLGIGSGLNCMML,--------------------MKYSRVFINSFAYELAPEVVSSHDLESRLAPLYQKLRIPMGQLAALTGIEERRWWPKDHRLSDGAIEAAKKSIAETDISIDDIGAVVYTGVCRDQHEPATACRIAAELGVNKSTAIYDISNACLGVLSGILDVANRIELGQIKAGLVVSCESARHIVDITIDNMLE-NQNIQNFSQSLATLTGGSGAVAVLLTDGSLLKNERQHKGASHLSAPEHHDLCKWGLQEMRTDAVPLLKEGVALAHDTWKHFLEQRDWVVEQVDKVICHQVGSANQKQVLSALNIPAYKEFPTFQTLGNMGTVSLPVTAAMAHDQGFLKRGDKVSFLGIGSGLNCMMLGLEW
KLHHEPHJ_03344_Hydrogenedentota_NA_Hydrogenedentiales_marine,VVGCNKILILCM,VGEETAIGGLMM,CGVSNACLGVMNSEGHQVNMGTVSLPLGIGSGN,CGVGISNACLGVMNGSETGGCMVICHQVNGNMGTVSLPLFLGIGSGLNCM,YCGVGISNACLGVMNGILVVSAETAATTGGSGVLVSLYCTWMTVGLGICHQVGNKITFLGNMGTVSLPLTAFLGIGSGLNCMML,--------------------MKYTNVHIDTIGYALAPVVVSSEELEDELEPLYSALHIPHGQLESLTGIQERRWWPKGYALSDGAIAAATKAFSQSPVTPRDIGAVVYCGVGRDNFEPATACRVASAFQIGGNTAIFDISNACLGVMNGILDMANRIQLGQIRAGLVVSAETARDIVEETIAKVLD-NPTMAFYIESLATLTGGSGAVAVLVTDGSFGNDAHQLLGGVSLAAPEHYGLCTWGLDHMSTDAVSVLKYGVKLGLDTWQALLDEMGWSVEDIDKVICHQVGNANKDAILKSIGVSAEKDFATFGHLGNMGTVSLPLTAAIAHERGFLKSGDEVAFLGIGSGLNCMMLGLRW
PMDDHMHM_02083_Proteobacteria_Psychromonadaceae_Psychromonas_marine,LVACNQVLILCM,VCEESAIGGLMM,TGVSNACLGVLSSEGHQVNMGTVSLPLGIGSGN,TGVCISNACLGVLSGSETGGCMLICHQVNGNMGTVSLPVFLGIGSGLNCM,YTGVCISNACLGVLSGILVVSCESAATTGGSGVLSHLHCKWMTLGLAICHQVGNQVTYLGNMGTVSLPVTAFLGIGSGLNCMML,--------------------MKYSRVYINSMAYQLAPEVVSSKDLESRLAPLYQKLRIPAGQLAALTGIEERRWWPSDHRLSDGAIEAAKKSLSETGINVEDIGAVVYTGVCRDQHEPATACRIAAELGVNKSTAIYDISNACLGVLSGILDIANRIELGQIKAGLVVSCESARHIVDITIDNMLS-NQSIQNFSQSLATLTGGSGAVAVLLTDGSLTLDQHKLLGASHLSAPQHHDLCKWGLQEMRTNAVPLLKEGVALALDTWKEFLAQQHWTIDSVNKVICHQVGSANQKQVLAALGIPASKEFPTYQYLGNMGTVSLPVTAALAHEQGFLQKGDNVSFLGIGSGLNCMMLGLEW
HAJIHKJJ_04557_Planctomycetota_Planctomycetaceae_Planctomycetaceae_marine,LVATHRLLILSM,VCEEVGLIGVMT,GSVSNACLGILNGEIHQVNTGAAALPLGIGSGN,GSVCVSNACLGILNGGETIGCMLFTHQVHGNTGAAALPVMLGIGSGLNSI,HGSVCVSNACLGILNGVLVVGTEVGASTIGSAALHFLHCEGMTLGLAFTHQVGHRLTVLGNTGAAALPVTTMLGIGSGLNSIMM,--------------------MRYHNVCLETFAYTLPDEIVTSDEIEERLRPVYERLHLPAGRLELMTGIRERRFFPMGTRPGDISALTAKKAIEQSGIPAESFGALIHGSVCRDQLEPATACNVHAAAGLPGSCAVLDVSNACLGILNGVLLLANMIELGQIRAGVVVGTEVGRGLVEGTIDTLLSPNVTRKDVKGEFASLTIGSASAGIVVCDAKLSRTGNRLIGAHFLADSSHHKLCEGGVQRMQTDSEALLHAGVNLATQNWEATLQTLGWRNSSVNKAFTHQVGKAHRKLLYDSLGLNPEIDFATVDFLGNTGAAALPVTTAIGLERGHVQTGEKVAMLGIGSGLNSIMMGWEF
LNILFACD_01640_Bdellovibrionota_Bacteriovoracaceae_GCA_2720865_marine,LVAGHETLILSM,VCEENGLIGGMT,ASVSNACLGVMSSEIHQVNTGSAALPLGIGSGN,ASVCLSNACLGVMSSSETIGCMLIGHQVHGNTGSAALPVLLGIGSGLNSI,HASVCLSNACLGVMSSMVIVSGENGANTIGSAVLVSMNCQGMTLGLAIGHQVGHETTYLGNTGSAALPVTLLLGIGSGLNSIML,--------------------MKFNNVVISDFAHYLPEKVMSSDEIEKRLAPLYKKLRLPEGRLELMTGITERRYWEPGTRPSALSTKAANNLFDSGKLKKEDIDLVIHASVCRDFLEPSTASVVHCDLGLKPEAMLFDLSNACLGVMSSMVMAANLIESGAIKHALIVSGENGGPLLFQTIETLLKDDINRKNIKKYIANLTIGSAAVAYTLSHKDLA-SGHKLVGGVSMADTSANVLCQGGGDMMETDSEELMKKGVVLAKETWERTKAELAWENSDIDWAIGHQVGKAHEALTMETLGLENKQTFKTYPFLGNTGSAALPVTLDLLNHEMKIEKGSKVALLGIGSGLNSIMLGVEW
