acc,aa_seq,organism
NP_635607.1,MLFQNVSIAGLAHIDAPHTLTSKEINERLQPTYDRLGIKTDVLGDVAGIHARRLWDQDVQASDAATQAARKALIDANIGIEKIGLLINTSVSRDYLEPSTASIVSGNLGVSDHCMTFDVANACLAFINGMDIAARMLERGEIDYALVVDGETANLVYEKTLERMTSPDVTEEEFRNELAALTLGCGAAAMVMARSELVPDAPRYKGGVTRSATEWNKLCRGNLDRMVTDTRLLLIEGIKLAQKTFVAAKQVLGWAVEELDQFVIHQVSRPHTAAFVKSFGIDPAKVMTIFGEHGNIGPASVPIVLSKLKELGRLKKGDRIALLGIGSGLNCSMAEVVW,Xanthomonas campestris pv. campestris str. ATCC 33913
WP_026204600.1,MRAAQRYDDVVITGLAHVDAPHVVTSTELEDRLAGTLGRLRITPGLLEKLSGIVERRVWDDGTMPSEVAARAGEKALAASGIDRDDIGILINTSVSRDHLEPSTASIVHGRMELSPEAGNFDLGNACLGFLNGMNVVATMIGAGEIDHGLVVAGETSRFAMESTIARLAGDDATRKMFHQQFATLTVGSGAVAMVLSRGTSGHRFLGGLGRASTMGNSELCVGQADEMRTDSGGLLAAGMELAGRAWKDAVSAFDWDTDSYDVYCLHQVSKVHTRAVADQLGLDIARFPSQFPRFGNIGPAGVPTVLSKAVEDGTVTDGSRVMLMGVGSGINAAAAEVIW,Actinomycetospora chiangmaiensis
WP_097326105.1,MNVGITGIAYALPAREVTTAELQRRVAPKLPPRMFEQATGITRRRVAADDEYASDLAVDAATKVLADTGRDPLDIDLLLFASATRDMAEPATAHVVQAALGSRAHALDVTNACNSFLNGIDLARSMILAGRARNALVVTGETPTRAMRPSLTSFSQARTALAGYTFGDAGAAVLVEPVATGGILDVDAETHSEHWTVGGIFGGGSRHPRGDEHTYFSGDGRRLRAVFEEIGPGLISRVMNRLDHSWDSYAKVLVHQVTLPYLSRFVEVTGVPQDKLVVTVDELGNMASATLGVQLARTYPDLNPGDRVLLVGLGGGVSLMTMVWEVS,Actinoplanes atraurantiacus
WP_086990725.1,MRGNATTRHSNVALLGITEAVAPVEVSSKSFDDRLADTLKTLRLPKGLLQRVAGVTTRRNWEHPSDYIEGAADAGRRALEEAGVRPDQIGLLINASVSREMLEPSVAVAVHDSIGLSPAAMNFDITNACLGFVNGMTVAASMIDAGQIDYALIIAGEDMSRVQESTVERLRRDGITRDEYLNEFATLTLGSGAAAAVLGRADRHPEGHLIKGGVTRAATWNHGLCIGDYDGMFTDTQGLLDNGMQLISEAWAEAHDNGWEWTTMDHYIPHQISHVHVNALTEATKIDADRVAKTYPELGNVGPASLPITLARKSGEMKQGDRILCLGVGSGLNTAMLEITW,Agrococcus casei
WP_030433686.1,MTYSRIGQIAVHLPEGGRTSAEVEALVAELNPGFEPPEGLIERFTGVRYRHIAPEDTQASDLAVAAIEKLFASWGHGIDDVDLLIFAAASTDVIEPATAHIVSDKLGGSCPVFDISNACSSVFNAIEVADALIRTGQYRRVLIACGERVSPGARYRDVATMDDFVHAGASHTVSDAGAALLVEASDEPGIIGHRSIANSSAWSATVVPLVHDKESDTLKVEYLGVKTLDLMKGLDQADITPLLDAVAGFGLTMDDFDVVCIHQAVLAYVEVFCERAGIPYDRTVLTLADHGNVASATLPLQLVKAVESGRLNPGDKVLLVGLASGLSLGVMAMQW,Allokutzneria albata
WP_084558798.1,MVKTMNYIAKLVGVGQALPERVVTSEEMEAMMGFDQLGIRKGMAKILSGVSERRFASDEINSSDLAVEAAKEAMEMAGKKAEDIDLVIFSALTQDVAEPATANIIMDKLNIRNAKSFDIKNACNAFVCAIEIANMYIKCNDVKNVLIASGEVLSRFVKMDLLKDPAKLKDVNSTFSVGDGGGAIVLERQESEEDFGIITAFRTFPDTWSDGVLWGGGTIYPHDPDKFYFQNESEELMKINFKRAMKFFEEQMEKMKIVREEIDLFIPTQITKYIIIKSSEVLKLPDDRVVSQIGTLGNMSTASIPVALSRAVNSGQLKIGTGQKVVLLGVANGFNVGLVYMSI,Anaerocolumna xylanovorans
WP_090596165.1,MASTATTSLRNAYRLQDTVILSATAVEAPERVTSAWIDEQLSETYSRLSMTPGKFEELAGVVARRWWPSGVSFIDGAAEAGAKALAEAGVEPGQVGLLINTSVSKDHLEPSAAVQVHDAIGLPATCLNFDISNACLGFINGMQVAGTMIDAGQIDYALIVNSENIRGLQEKAIARLQRPETTVAEVREQFATLTLGCGATAMVLGRGDQSSGGHRLLGGTHKSATHHHDLCVGDLSFMRTDTRGLFEAGLALALETFEDSAEEFGWHEVDHLVSHQTSLVHIAALCARLGLDQAKFPLSLPEFGNMGPAAAPFTLATSQDRFEPGDRVMMLGIGSGLNTSFADILW,Auraticoccus monumenti
WP_095301808.1,MKRNIKITGIGSYLPKRIVDGAEIDKIIGAKNGWSEKKSGVKQRYFVTDETASYMGAEAAKKAIADAGIELNELDCIVSGSGTMEQAIPCNASLIQEQLGLQHSGIPAFDINSTCLSFLTALDMISYAMESGRFNHVLIVSSEIASVGLNWSQNESSILFGDGAVAYVFSKTTETDSSHIIASRMETYSAGAHLSEIRGGGTKIHPRNYAEDTKEDFLFDMDGTAIFKLSYKLLPTFIEKLFKNTNLTMDDIKMIVPHQASASAMKIIRKKLSVNEERFMTIIENYGNMIAASIPMALYEAIKQGRVKRGDKVFLLGTSAGLSIGGILFEY,Bacillus sp. 7586-K
WP_021267235.1,MKYNNVVIEDYAYIEPPEILTSDKLEELLGPIYTRLKLPHGRLELMTGIKSRGFWPNSTRPSSIATEAGNKLLDKLSKKGIKKGDINLLINSSVCRDFLEPSTASVIHANLEMPSECMLFDISNACLGMVSAWEIVANMIETGAIKRAIILSGENSAPLLDNTIKTLNEDQSITRKSVKKYFANLTIGSAGVAYCLSHKDEAPNAPRITSITNRSDSKANKLCQGDGNPESLVMETDSEELLKYGKALAKKTFDDSGLNPKEIDIVIGHQVGKAHKEVVLGKLGLNKHDTFDTFDTLGNTGSAALPITLAKMNDVKGIEKGKKIALVGIGSGLSCSVLGVTW,Bacteriovorax sp. BAL6 X
WP_073399371.1,MAFLSVNNVEIVGLAAAVPKNVETLDNLEFFAPGEAEKVMALTGIKERRIAPREMVCSDYCTIAAEKLMDELKWDKESIDTLVYVSVSRDYIEPNTATVIQGKLGLKSECITFDIPMACSGYCYGLSIVASLLSSGCIKRALLLVGDTPSKIISPLDKTLWPIHGDAGTATALEYNISAKPMYFNLMSDGTQFNAIIAPSSGVREPITIDSLKIIELEPGIARNKTHVAMDGMAVFSFTITSVPKCIKSLCEHFNLDIQDLDYLLLHQANKYIDEKIRKKLKVSEDKVPYCLEYFGNTSSGTIPMTMVTQIREKLSNSQNRMVLCGFGAGLSWASVYIETKDIKVLPLIEY,Bacteroides luti
WP_096166078.1,MANGNGNTGFVHRNASLLSVEMTLPQVTVTSDEIDEMLSPARKRLRLPKGVLQRVAGVYERRWWRDPQNGWKQGVVLAAERAMAKAGIMRDQVGLLINASVSRQHLEPAVSTGIHHSLGMPSSCMNFDITNACLGFVNAMTMAAGMIDAGQIQYALIVGAEDVEQVQRGTIDRLNAKNSTRADFNNQFASLTLGSGAAAAVIGPTDKHPEGHRLKHTQSRAGTEHHELCVADMQDMRTDSAGLLENGIQLILDTWKGANEDGLDFKSIHHVIPHQVSMVYTRNFSKITGVGMERIPVTFPDWGNVAAEAVPMTLASIQDDVKRGERVLLMGVGSGLNTAMMEVEW,Brachybacterium alimentarium
WP_068712879.1,MKFSQTYIESLAAALPDEILTSAEIERRLAPLYERLHLPEGRLELMTGIRERRLWPAGTRASDASARAGRAALAKSCIRPEQIELYIHAAVCRDMLEPATAAFAHRKIGLSPNCQIFDLSNACLGFLNALTLAASMIEAGQIRAALITCGEDSRPLVEQTLRTLNAEPLTRNGIKPYFANLTVGSGAVGAVVCHESLVVPEGLGSGGAAGESSRAHRLIGGVVRAATAHSELCQGETHGADSLAMQTDSEALLIAGVTLAHETWGQFCEETGWDAATPSRFICHQVGSIHRRKLYDTLGIDLAKDFSTFEFLGNTGSVALPATLALAVEKGVVRSGDKVALLGIGSGLNSLMLAVEW,Cephaloticoccus capnophilus
WP_088206054.1,MEFSNVSVLSAAHIDAPHIVSSQKIESELEPMLTRLGLRPNIISELTGITARRFWDEKTAPSDVATCAAERVLEKAELDRSKIGVIINTSVCKDYIEPSVASLVHGNLKLSSHCINFDIGNACLAFVDAIGIVGNMIERGQVDYALIVDGEGSRFITEETIKRLLDPNCSELEFRSNFASLTLGSGAVAMILCNSKFVDGQHRVISSVTQAATEYNRLCTGQVDKMQTNANTLFKKGLELAHQTMQLAIDKMGWFQKDFAQYIIHQVSENHTSQVAKLFNLDLDKVYKIYRDFGNIGPASIPIAFSKALDEGCIKEGDRVGVMGIGSGINVTMMEILW,Chlamydiales bacterium SCGC AG-110-P3
WP_099839552.1,MRSRIKGVGRYLPNRIVTSEEAEELAGFKKLGVRKGLCKMLTGCEERRYSDTNEYSSHIAAKAAIDAMKKAGVSSDEVDALIFCSVSQDFAEPATANVVMDLLNIKNAFGFDVKNACNAFLTGIDIADSLIKTGKADIVLVVSGEALSKWINFKFESKEELIRRAPVTLSIGDGGGAFIMGREEDDNKGIVKGIFRTYAEYWNNNVVWGGGVRFPRDSDKMYIPGTTKVIIDEQRNLGKNLLPILEREVGWNFQKDVDCYIPTQVAKWINKSMSNELSFPIEKIIQVVDKFGNVGASNIPIATYEAIMDGRLKTGSKTLMSGVGVGINIATIAVIL,Clostridium combesii
WP_020589018.1,MKYDKVFIESFGYELAPHIVTSQEIDEKLAPFFEAVGFVPGQLEALTGIRERRYWDEDHTIAEHAAVAGKRALDEAGISPKELGALCFCGVCQDGFEPATSCAVADMIGVGPRAHVYDVKSACLGMITGMVHVANEIQLGHIKAGLVVSCESARQIVDATIEEINTHKSIDFYREAVATMTGGSGAAAILLTDGTLGKPSTQRHAVKGGVVNNAIRHWNLCSWGFEDKGMPTDSRVIMRTNAQKVLDHGVELVVETYEMFRKEFNLSADQPDKIVGHQVGEGHHNRFYTAMNIDRKKDFSTFPFLGNVGSVSLPISAAIADERGFFVPGDFVVFVGVGSGLNCYFLGVEW,Desulfobacter curvatus
WP_051554118.1,MNLRYSRVCLHEFGYQLPPVELSSTTIEERLGPLYERLKLPAGRLELMTGIAARRLWQPGTRPSAGAAAAGAAAIARAGIDVAELECLLFTSVSRDMMEPATAAFVHRALGLPPDCLLFDISNACLGFLDGMVMLANMLEMGQVRAGLVVAGETAENLIDSTLAHLLADTTLTRKTIKPLFASLTIGSGAVALVMSRSDCRDTGHYLRGGACRANTAHNDLCQGGQNAEQGTLMSTDSEQLLEKGIETAAACWRSFQTALGWDKGAIDRFFCHQVGKAHAQMLFETLQLDPARNFETLPTLGNVGSVSAPITMALGIEQGALVPGQRAAILGIGSGINALMLGIDW,Desulfobulbus elongatus
WP_088919872.1,MKGCAVSNNFQYQFNDVAIVSIEACDAPVVVTSAAIDEALAPFLERVGAETGLLQKLAGIEERRQWPDDISFIEASALAGEKAIAASGIDPSRIGMISNTSVCRDRLEPSSAVSVHDRLGLSPHCINFDLSNACLGFVNAMHLAGTLIESGQIEYALIVDGEGTREIQQNTINRLLDEHSSMADLFSNFASLTLGSGSAAMILGRHSTNPGSHRLGRGEFRAATEHHDLCVGSLESMRTDTRALLEAGTQLGKICWDQADSDDWGDMDRYIIHQVSRVHTAAMVEILGIDHKRVPLTFPKYGNIGPAAVPFTLAKEAETLNEGDRVLLVGVGSGLNAAFLEITW,Granulosicoccus antarcticus
WP_026862459.1,MSGNATYRHTQAAVLSICAVDAPVVVTSDEMDQRLLTTYQRVGLKPGMLARLAGIHERRWWPEGVSFTEGAAIAGGKALAEAGVDPSRVGLMVNTSVSREHLEPSMAVQIHHALGMPTSCLNFDLANACLGFVNGMQLAATMIDSGQIDYALIVDGESSRHTQEVTLDRLSSPDATVDDVLSQFATLTLGSGAAAMVLGRADLHPQGHRIVGGVARAGTEHHDLCVGDLEWMRTDTRGLLEAGIALSRAAWQDARAEFDWSDMDRYIAHQISQVHVRAMCDALDIPPERLPLTFPTRGNMGPASVAFTLAMEADSLAAGDRVLMMGVGSGLNVSCLEIAW,Intrasporangiaceae bacterium URHB0013
WP_013837355.1,MDGNATTRFSNVSLLAVTRRLPSRVTTSAEIQGLLAPALRRLRVPGRLLERVAGVHARRSWGPDEDCDAATVAAAQEALDRAGVAPDDVGLLVNTSVTRKHLEPSVAVALHHGLGLPSSAVNFDVANACLGFINGMSIAAGMIESGQIRYALVVDGEDADEVRATTVERLLRDGVGREDFMQEFATLTLGSGSATAVLGRADEHPEGHRLLGGVTRAATRFHDLCVGSAKGMFTDARALLDGGLELVVDAWKEAVSEWDWASMDRYVTHQVSRVHTDAIVEAVGLDRSKVPTTFPRLGNVGPASVPITLAEEAETLRRGDRVLLMGVGSGINTAMMELAW,Isoptericola variabilis
WP_076585679.1,MLFKNVAIAGLAHVDAPHSLTSDEINLRLKPTLDRLGIRVDVLKDIAGIHARRLWGSDKLASDAATEAGILALKDAGIQSGQLGLLVSTSVSRDYLEPSTASIVAGNLQVGDTCQNYDVANACLAFINGMDMAARMIERGEIDYALVVDGETADLAYEKTIERMLRPDSTEDEFRNELATLTLGSGAAGMVLARAELHPEAPRYKGGVTRSATEWNTLCRGNLDRMVTDTKQLLVQGMNLAGKTFVAAKQAMGWAVHELDQFVVHQVSKVHTQTLIQKFGIDPKKVMTIFGEHGNIGPASVPIVLSKLKQAGRLKKGDRIALLGIGSGLNCTMSEVVW,Lysobacter tolerans
WP_076469753.1,MVHTRTADASPATRVGITAAAAALPERVVTSAELQEQVERESGITLPPRLFSRMTGIDTRRVAGPEEHASTLAVRAARAVLGSAAADPDDVDLLIFASASRDMAEPATAHIVQADLGTRAHVFDLTNACNSFLNGIDTARAFILAGRARRVLVVTGETPTRSMRMRASSAAQVRSAFAGYTFGDAGAAVLVEQVPTGGILDVQTATFSEHWTAGGIDGGGSRHPRGDEHTYFHGDGGKLRSIFERIGLDVLRAVHHRTGLDWSDYEKVLVHQVTLPYLTRFMELARVPEEKLIVTVPELGNVASATIGVQLARINEKLASGSRVFCLGLGGGVSITTMVWEKS,Micromonospora avicenniae
WP_040156198.1,MSENASYRLANCSILSVSTVEAPEVVTSDHLDELLQPAYDTTGMMAGQIERLAGVRERRWFPKDADYTRGAVEAGRQAIADARIDADRIGLIVNASVTRPHLEPGISAMVHAELELPRSCIAFDVTNACLGVVNSLQIAGTMIDAGQIEYALIVASEGARQMQEASIARLVDGGSRQDVKDAFATMTLGSGAVGIVLGRSDRHPEGHQIIGGITRAGTEHHELCIGGMDGMRTDASKLFVEGLSLATDAWAEAKGEWDWEEMDWYVAHQTSTAHIACLCDTLKLPAEKFPVTVDTYGNIGPVALPFTLGMYQHKMRKGDRVLLMGIGSGLNTSMTEVRW,Mobilicoccus massiliensis
WP_082133371.1,MTLPTLYFSRPATVLPDTAMDNDEVLALVRKEFSGPAEEWIGVEQTIRYVFDRCNTKTRYLDQSTTLMPAEFATQAAQACLERTGVSATDLDLVVYGGIARGNFEPATAAEVAGLLGARPLHAVDVTCACAGLIEAMHTVAGYFALHPEMKTALVCAGELTRDRIAYDMGSLQDVAVFAAGLTLGNAAAAMVVSREPLPGGSARLEGIFHKTLCEHYDLCKTPIDGHFTSKSKELFALSVHVPPAIREMLGELGWSSEEIDHYALHQPSEAVLERVFTELGARPQACVHTHSLFGNTASTAWALALEYRLEHGTVEPGDKIVMASAAAGFTIVGAAAVWEG,Mycolicibacterium obuense
WP_063765283.1,MSAPRYSQVSAVAVRLPDEDLTTPELEELLAERNPRVDVPRGLIERLSGVRRRHVAPPGVLPSDLAVAAARDVLRQTGHAPPAIDLIIYAGVSADAVEPATGHMVAAKLGADCPVFDVRNACNSVLNAIEVADLFITSGRHRTVLIACGEVITAAMPWRLASEEEFTTAVPSYTVSDSGSALLLQAADAPGVLGHRFCANSADWEVSAMPFVRDGAGALRVGAFTIDSVGLAIGVQKLDREIWRRPLAEHGLDWDDMAAICVHQPSLAALGAVCELAGIPRDKAEVTIADHGNLAASTIPMQLHLATEAGRVRRGDLVALVGVASGISAGTVLLRW,Nonomuraea candida
WP_090922125.1,MQLRRVRIAGTGKYLPQMKVTDEELDERLHVPAGWVSKATGVGYRYYASDEETSSYMGARAAEAALADAGLSFGEIDCLVCTSGTKEQPLPSTAVFIQQAMGQEESGVPAFDMDATCLSFLNGLDVISYMVDAGRYQRVLLVATEIASAGLNWKDPESAALFGDGAAAVIIERASEESGSQIVHASLRTYSRGARFSEIAGGGTRHHAAQYDVAHPDPFLFHMDGQAIFRMASKLLPGFMNEMLQASGDRMEDFSLVIPHQGSAMAMRLIRKKLGIPAERFMDITQGHGNTIAASIPMGLHEAIRQQRIERGDRVLMIGTAAGLSLGGLIFDY,Paenibacillus polysaccharolyticus
WP_028865527.1,MKYSRVFINSLAYELAPHAVSSSELESRLAPLYQKLRIPMGQLAALTGIQERRWWPSDHRLSDGAIEAAKKTIDETGVNINDVGAVVYTGVCRDQHEPATACRIAAELGVNNSTAIYDISNACLGVLSGMLDIANRIELGQIKAGLVVSCESARHIVDITIDNMLENQTIQNFSQSLATLTGGSGAVAVLLTDGSLPLKNSRQHKLLGASHLSAPEHNDLCKWGLQEVGLKLHREFMRTNAVPLLKEGVALALDTWKHFLSQRNWVNEQVDKVICHQVGSANQKQVLAALNIPAHKEFPTFQKLGNMGTVSLPVTAAMAHDQGFLKKGDNVSFLGIGSGLNCMMLGLEW,Psychromonas aquimarina
WP_015101236.1,MGTQLAGVAVHLPEQQVSTTEVERRLAPFTPPAGLIHRLTGVESRHVMGEHEQASDLAVAAARKLLAETGTAAADVDLLLFASASQDMVEPATAHIVAAKLELRCPVMDVKNACNSVLNGIEVADALIASGRYRTVLVASGEAPSRAVRWQVGGLAEFLRAFPGYTLSDAGAALLLTRGEEGVLGCGFTADSSRWDVGTLPGGGSRYPRDPERTYFDMDGARLKDAFLGLGRGVLDSTLDRLGLTWDDFAVIGVHQVSLPYLDMFARQVGVPTDRLVITLPQHGNVASASLPLQLVTARQLGRCGPGDLVALVGLAGGVSLGLVVIRL,Saccharothrix espanaensis
WP_092493676.1,MNVGLLGTGHYVPTNVVTNKDMEKIVDTNDEWIRTRTGIEERRIASDDINTSDMAFFAAQEALKESNVKAEDIDLILVATVTPDTPFPSVSCMIQDRLGARKAAAMDISAACSGFMYGVVTAKQFIETNAYKNILVVGAEKLSKITDWSDRNTCVLFGDGAGAAVVGPVSEGKGILSFELGADGSGGKELYQNDEDHLMMNGREVFKFAVRQMPDSSVNVVEQAGYNKEDVDYLVPHQANIRIMEAAREKLGISEEKMATSIKRYGNNSSASIPIALSEGVKSGKIKDDDLVVLVGFGGGLTWGAIALRWGK,Virgibacillus salinus
WP_044441590.1,MDGNATTTHRNVALLSVATTMATRITTSAEIDRRLAPSLKRLKLPTGLLQRVAGVHERRNWGEGQTFDDAAIEAGKKALAEAGIRPDQVGLLINTSVTRKHLEPSVAVRIHHGLGLPSSATNFDIANACLGFVNGMALAGQLIDAGQIDYAVIIDGEDADEIQVNTIERLGREGIKRKDFMSEFASLTLGSGAAAAVIGRADLHPEGHRMLGGITRAATQFNDLCVGSVDGMFTDAKALLKGGMELVVSAWKDAKRQWSWSHMDRYIMHQVSSVHTNAIVKAANLDATRVPVTFPLLGNVGPASIPITLAQEASKLVRGNRVLLMGVGSGLNTSMMEIAW,Agreia bicolorata
WP_003805730.1,MQDGNEQGLDLAGNATFRHSNTALLSVSSVEAPRIVSSTDFDRRLASTLQRLKFPPRLLERVAGITHRRWWAAGTSFDDAAVEAGAKALAEAGVEASDIGLLINTSVTRRNLEPSVAVKIHHGLSLPSSAMNFDLANACLGFVNGMTLAANMIDSGQIKYAMIVNGEDAQATQEATLARLQRPETTREDFNREFATLTLGSGAAAAVLGPADQHPGAHRILGGVMRAGTEHHELCVGGIDGMATDTKGLLDGGLRLVVDAWNEAQPEWDWASMDRYITHQVSTAYTQAIIGAIDLDPDRVPITFPHWGNVGPASLPMTLAAEAQTLGTGDRVLCMGVGSGLNTAMVEIVW,Arthrobacter globiformis
WP_005885358.1,MLRCAHWHAPALLTANLLDARIERTLLNGRTPGNTTFRHNNAALLGIAETTAPNPVSSGSFDEKLASTLKRLHLPQGLIRRVAGVDYRRNWDNPHDFIAGAVNAGKQALERAQVDADQIGVMINTSVTRETLEPSVAVSIHHGIGLPTSAMNFDIANACLGFVNGMTVVSTMIDSGQIDYGLVVAGEDATRVQQATLNRLSQDDITRAEYLNEFASLTLGCGAAAAVLGPADRHPEGHRILGGVTRAGTWNHELCVGDHNGMFTDATGLLTNGMELVINAWNEAHEDGWDWNDMTMYVTHQVSKIHTNEMAKTASLDLDRMPVTFPELGNVGPASLPITLARNADSLKSGDRILAMGVGSGLNTAMTEIVW,Brevibacterium mcbrellneri
WP_034630949.1,MSGNATSRHRNAALLALASTTPDRVTTSADIDRRLAPALKRLRLPRGLLQRVAGVHERRNWADGQTFDGAAIAAAEKALAESGIDRREVGLLVNTSVTRKHLEPSVAVRIHHGLGLPSSAVNFDIANACLGFVNGMNLAAQLIDAGQIKYAVVVAGEDADDIQNNTIERLIGDDITRADFMQEFASLTLGSGAAAAVVGPADAHPEGHRILGGVTRAATQFHDVCVGSVEGMYTDTRALLEGGMELVLAAWTEARHEWDWAAMDRYILHQVSDVHTKAIVKAAGLDRSRIPTTYGRYGNVGPASIPITLAHEASSLEPGDRLLLMGVGSGLNTAMMEIAW,Cellulomonas cellasea
WP_015490789.1,MLLNGNATFRHRNTSLLGLASVLAPHTVTSVEIDDRLKPVLSRLRLPTGLLQRVAGVLERRNWDTSMSFDAAATEAGRTALAQAGVQPSQIGLLINTSVTRAHLEPSVAVSIHNGLGLPSSALNFDIANACLGFVNAMTLAGHLIDSGQIDYAMIVDGEDAGEIRHNTVARLLRPETTRADFLSEFPSLTLGAGAAAAVLGRTSDHPEGHRILGGVTRAATQHHELCIGDVDGMFTDTKELLRGGMELVVDAWKEAAQDDWEWSDMDRYILHQVSDVHTNAIVKAAKLDKSRVPLTYPRYGNVGPASIPITLADQADSLSRGDRVLCMGVGSGLNTAMTEILW,Clavibacter michiganensis
WP_028327376.1,MSGNASYHLSNCSILAVTTVEAPEIVTSAELDTALAPAYTETRTVAGQLERLAGVKQRRWFPADEDFTDGAVEAGRRALHTAGISPEQVGLVINASVTRPHLEPGISAKVHAELGLPRNCMDFDVTNACLGVVNGMQIAGTMIDAGQIRYGLIVASESSRQMQEATIKRLNAGGATKSDVKQAFATMTLGSGAVAILIGPTDAHPEGHRLLGGITRAGTEHHRLCVGSMDGMRTEASKLFREGIDLALDAYTESAEDGWDWKDMDWYVAHQTSTAHIATLAQRLGKPLEKFPTTISEYGNIGPAAMPYTLGTFQDQFATGDRLLLMGIGSGLNASFVEVQW,Dermatophilus congolensis
WP_012948569.1,MSGNATHRFGNTAVLALQTTDATRVVTSDALDDALADTYRRVGLRPGLLERLAGIRERRWWGEGVTFVDGAAEAGAKAISESGVDPAGIGVMINTSVSRRWLEPSTAVAVHHALGLPRSCQNFDVTNACLGFVNGMELAAAMIDAGLVEHALVVNGEDAQPVQERTLDRLNQPGTGSKDVIAQFATLTLGSGAAAMVLGRADRHPEGHRLVASVSRAGTEHHELCVGDNDLMRTDLKGLLDAGLALSEDMWADAAAEVDWAGGMSRYIVHQVSKVHTQAMCDRFSIDPALVPTTFPTRGNLGPASVPYTLAGEQDSLVDGDRVLLMGIGSGLNVSCLELAW,Geodermatophilus obscurus
WP_006592558.1,MSENATYRLANTTILSVSALEAPQVVSSAELDESLAPAYARHGVKAGQIERLAGVVQRRWYPPEADYTDGAVDVGRAAMADAGVEAGEIGLVINASVTRPYLEPGISARVHHELGLPRRAIAFDLTNACLGVANAMHVAGTMIDAGQIDNALIVASEGSRQMQESSIKYLLSDDSTREDVKEAFATMTLGSGAVGLVLGRSDARPDGHRVIGGVTRAGSEHHTLCVGGMDGMRTDSSRLFREGLTLATEAWKDARGDFDWDDMDWYVAHQTSTIHIEALCKTLGLPQERFPMTLPTYGNIGPVAMPYTLAFHQDNIERGQRVLLMGIGSGLNTSMTEVAW,Kineosphaera limosa
WP_012802190.1,MPGNATFRHSNTSVLSVTALPAPEVHTSAEFDARIMDTLRRNKLVPGVLSRLVGIKERRWWPEDVHFTEAAAEAGRRALVDAGIKPEQVGLMVNTSVSRDHLEPSTAVRIHDTLGLPRSASNFDVTNACLGFVNGMQIAAAMIDSGQIEYALIVNAETTRHTHETTLKRLESEDATADDVLQQLATLTLGSGAAAMVLGRTDKHPEGHRFVGGVSRAGTEHHELCVGDFDRMTTDSVGLQEAGIALSEELWAEAAEEFDWQHLDRYVIHQVSTVHTEQICDRLGLDGAKVPRTFPTYGNMGPAAVPFTLALEAPHLERGDRVLLMGIGSGLNACCAEIEW,Kytococcus sedentarius
WP_058441655.1,MRYQRVFINKIAYELPKEKVATSFLEEQLTDVYQELGIPLGQVEALTKIHQRRYWPVDHQLSDHAALAAKKAIKESGINSKKIQVLIYAGVGRAQLEPATACAVAHQLAIASDASVYDVSNACLGVLNGIIQIANAIELGQIHAGLVVSAESCREIIDTMVAEMKIQRNIEHFALSLATLTGGSGAVAVLLSDNALDSSHQLLGAVARQKSQWHQLCRWGSKTGILGNACNIMHTDSVSVLKYGVELGVETYKDFLQELLWQDSFPDKYICHQVGEANQLAIRRALNIPKERDFTTYETLANTGTVALPMTAAIADQVGFLKTGDKVAFLGIGSGLNCMMLGIKW,Legionella brunensis
WP_013865923.1,MSGNATYRLSNTTILAACAVEAPIVATSAAFDERLAETYRRVGTRPGLLVRLAGVQERRWWPEDVTFADAAAMAGAKALAEAGIRPEQVGVVINTSVCRSHLEPSVAVAVHHQLGLPTNCLNFDVANACLGFVNAIQLAGTLIDSGQLDYALIVDAEGSRQIHELTLDRLSSPTATAAEFKEQFASLTIGSGSAAFVLGRADRHPEGHRVIGGASRTGSEHHDLCVGSLDMMRTDSKKLFDHGIALAVATWEDAKDEFDWDGAVDWFIAHQTSTVHLRAMAKAVGVSSAHFPTTVEKYGNMGPAAVPFTLAHHADRMRAGDRIVLIGIGSGLNTSFAEIVW,Microlunatus phosphovorus
WP_091632192.1,MTHGNAEYRYTNTAILSVAALEAPVIVTSDQFDEQLSETFRRLRLRRGMLQRIAGIQERRWWPEGFGFADAAAMAGAKALSEAGVDARDVGLLINTSVSRAHLEPSTAVAIHHSLELPPSALNFDIANACLGFVNGIQVAANMIDAGQIRYALIVAGESSREAQQATIERLRSFDSTLDDVREQFATLTLGSGAAAMVLATADAHKQGHRLVGGVGRAATQHHDLCVGDNTRMRTDAKGLLDAGLDLAEATWAHAGSWDWQNMDLYVMHQVSVAHTHGVVNRLGLDTRKVPETFPLLGNVGPASLPLTLAHHAESLNSGDRVLCMGVGSGLNTCALEVVW,Micromonospora peucetia
WP_015749354.1,MTGNSDFRFHDVAILSLDAGPAPLVVTSADVDRRLAPFYARTRSMSGLVTSLAGDFERRQWPAEVSFIQAAARAGEAAIAAAGIDRARIGVVIDTSVSRARLEPSSAVSVHHLLDLPPNCLNFDVSNACLGFVTGLHLAGALIDSGQIDYALIVDGEGTREIYDRTIDRLNERGEGLPDLLANFATFTLGSGAAAMVLGRHSAHPEGHQLLDGFFRAETRHHELCIGTIDGGVTDSRALLEAGIELAGAAWAQAGATAAWGSRDRYIFHQVSEVHTKAMIRTLGVDPAKVPTTFARYGNIGPAAIPITLATVADELSPGDIVLCMGIGSGLNVGVIELRW,Nakamurella multipartita
WP_079726385.1,MDGNATTTHSNVALLSVATTIAPRITTSEDIDSRLQPVLKKLKLPQGLLQRVAGVLERRNWDEGQNFDDAAVEAGKKALAEAGIEPSQIGLIINTSVTRKHLEPSVAVRIHNGLGLPSSAINFDIANACLGFVNGMSLAAQLIESGQIKYAMIVDGEDADEIQVNTIERLSKGGIGRKEFMSEFASLTLGSGAAAAVIGPADLHPEGHRILGGVTRAATQFNELCVGSVDGMFTDAKALLKGGMELVVSAWKEAKRDWNWSSMDRYILHQVSEVHTNAIVKAAHIDRSKVPVTYPHYGNVGPASIPITLEAEKETLKKGDRVLLMGVGSGLNTAMMEIAW,Okibacterium fritillariae
WP_005508112.1,MLNASADKVGTNSDIRHANAALLSITHELPPDVVTSDYFDEQLAQTYKRLRMPKGLLERLAGISTRRGWAEGQTFEDGVVAAAEKAIAEAGIDRSQIGLLINASVTRDNFEPAVSVGVHDRLELPRHALNFDITNACLGFVNAMTVASTMIDAGAIDYALIVAGEDPSPWHRTAVRILNNPDSTREDVLAQFATLTLGSGAAAAVIGRADRHPEGHRIVGSVSRAGTEHRNLCIGGEADQGMNTDAEGLLKHGLELVAQAWEQAHQDGWEWNDMTSYVTHQISNAHTNAIIEAVGIERERIPLTFPKWGNVAAAALPMTLAECAPTYTEGDRILCMGVGSGLNTALLEIQW,Rothia mucilaginosa
WP_012868615.1,MNGNATSKHQNVALLSVATVVPDVVTTSDEMDNRLADTLKRLRMPRGLLQRVAGVHERRRWAADQSFESAAIAAGEKALAEAGISASDIGLIINTSVTRPHLEPSVAVRMHHGLGLPSSAMNFDIANACLGFINGMNVAAHMIDSGQIRYAMIIDGEDADEVNDNTIDRLNRPETKRSDFMNEFASLTLGSGAAAAILGPADSHPSGHRILGGVTRAATQFHDVCVGSVNGMYTDTKALLKGGMELVVAAWQEAKESWSWTAMDRYVMHQVSDVHTSAIVKAAKLDRSKVPTTYPRYGNVGPASIPITLAEQSSTLAPGDRVLLMGVGSGLNTSMMEITW,Sanguibacter keddieii
WP_061782733.1,MKYSRVFINSLAYELALVVVSSSELESRLAPLYQKFRIPMGQLAALTGITERRWWPKGHQLSDGAINAARKAIAETGINVADLGVVVYTGVCRDQHEPATACRIAAELGVSKDTAIYDISNACLGVLSGILDIANRIELGQIKAGMVVSCESARDIVDVTIDNMLASPTMQNFAQSLATLAGGSGAVAVILTDGSLPLTNVRKHQLLGASHLSAPEHHQLCQWGLQEVGHNLYREFMRTDAVTLLKEGVELAKHTWEHFLEQRNWLVEQVDKVICHQVGASNRKQVLSALNIPPEKEFPTYQLLGNMGTVSLPVTAAMAHDEGFLQAGDQVSFLGIGSGLNCMMLGIKW,Shewanella putrefaciens
CVN04163.1,MSAPSPTPRRLVLVTNVSGNASYEYSRAALLAVTEVEAPVEVTSQDLDDQLAEVLTRLRLPGSLLERVAGVRSRRNWDETEDFQEAAARAGVAALEQAGVPRERVGLLVNTSVTRATLEPSVAVRIHHLMGLPTSATNFDITNACLGFVNGLMLASTLVDAGQIDYAVVVAAEDASKVQAATVANLHAETTHRGNFMEQFASLTLGSGAAAAVVGRIEDHPDAHRIVRGITRAGTDHHGLCVGDHHGMYTDSTALLKDGLELVMDAWHDVPAEWAWPEADRFITHQVSQMHTDAIAESAHLDPARIPTTFPTLGNVGPASLPITLVREMDALEDGDTVVCLGVGSGLNTAMLEIEW,Streptococcus pneumoniae
WP_053141838.1,MSEAIRARIAAVCAHLPSRYRTLDETRAKITETGGYAPPPGLLEDLTGVRGVHVHEDGENSSDLAVAAARSALEQAGLKIRDVDLLLFASTSQDLIEPATAHLVATKLGASCPVFDVKNACNSFLNGMEVAASFIETGRYRTVLIACGEPATLATRWHLPTREDLLRALPGYTASDAGAAMVLTAGPAGDGDPGILSLRFVSNSPAWEACTVAGGGSMHHLSVHDDHTTLRLNGDLWQSALDVLPRIMDTAGEEFRAAQAGAVSFIAFHQIAMPQYREVIDLFSLPEDRCMPAVAEHGNCAAASLPLQLAKAREADRIEGGDLVAMIGLASGFSFGLALVRW,Streptomyces ambofaciens
WP_010983715.1,MRFENDLYIASTASWLPDLVPMEEAIAAGLVDDEHRNLGYESIAVADGVAGPEMAVRAGRLALERAVGIERDEVGLVLHSSCGFQGHEMWPAAAYVANETVGRAAPGFDLQQRCNAGLGSLCLAAGYIDAGFTSAVLLTTGDNFAPPWVDRWNVQLNLVFADGGTALVLSGRKGFARVVSATLGADNSLERWNRGTTPFATAPGLEMPLRLRERGLQHAATPEAEGSWERIEAALMDTTRRALAEAQVSVEDISRVVTPLIHRGVWPENYDVLGFTEKQSTWDLGRLVGHIGAGDQFLGLEHLVKERAVGPGDLVLLVAAGAGFSLSAAVVEILDVPPW,Streptomyces avermitilis
WP_068469535.1,MTGNSTITNRNVAILSVTKTEADVVIPSTRFDEELAETFRRLRMPKGLLERLAGIKERRGWAPGRHFTDGATEAGEAALAESGVRPEQIGLFVNASVTRDNYEPAVAVGIHERLGLPSSALNFDMTNACLGFVNALTVAASMIDAGAIEYALVVAGEDPSPWHKAAVERLRADDITREQVVQEFATLTLGCGAAAAVVGPADRHPDGHRIVGSVTRAGTEFNHLCIGGDDGMFTDATGLLNHGVGLVVEAWHEAEQDGWDWREMDSYVTHQVSNSHTNKLIEDMGLDATKVPLTFPYWGNVAAAALPMTLALEAERLEPGARVLCLGVGSGLNTTLMEIAW,Kocuria varians
WP_115933252.1,MVQGNATFRHSNASLLSVTEVLAPVTVTSAQLDEELADVLKGLRLPKGLLPRVAGVNARRNWEHPGHFQLGAAEAGRQALEKAGVRPDQIGLMVNTSVTRETLEPSVAVRIHHEMGLPTSATNFDITNACLGFVNGITLAASMIDSGQVDYAVVVAGEDSVKVQQATLENLKQDGVDRTNFMEQFASLTLGSGAAAAIIGRTDQHPEGHRIVRGITRAGTDHHDLCVGDHKGMFTDSTALLKDGLELVMDAWNDVPADWGWATMDRYVTHQVSRLHTDSITEATGLDPSLFPVTFPELGNVGPASLPITLAREVDQLSAGDKVLCMGVGSGLNTAMLEIAW,Citricoccus muralis
ABL00697.1,MKYRAVTLESFGYQLAPVVVSTSDLEARLEPLYRQLRIAPGQLQAMTGIRERRWWEPGYPLSQGAIAAARKALAASAVPVDQIGALIYAGVCREQFEPATACRVAHGLGIGGQAAVFDISNACLGVLNGMLDLANRIELGQIRAGMVVSCESAREINEIMIERMLKERRMEHFASSLATLTGGSGAVAVLLTDGSFSGAQRRKLLGGVCLSAPEHHQFCLWGMAPDGRGGYQQVMSTDGVNVMNHGVELGKRTWNAFLPHLGWSAEQVDQVICHQVGSAHQNAILKTLGISADQDFTTYEYLGNMGTVSLPLTAALAAERDILLTGDRVALLGIGSGLNCLMLGVEW,Pelobacter propionicus DSM 2379
WP_130552392.1,MLFQNVSIAGLAHVDAPHVLTSKEINARLQPTFDRLGIRTDVLNDVAGVHARRLWDDEVQSSDAATLAAKKALADAGIGAERLGLLVNTSVSRDFLEPSTASIVSGNLGVGDHCMAFDVANACLAFINGMDIAARMIERGEIEYALVVDGETANLVYEKTLERMTSPTVTEAEFRDELAALTLGCGSVAMVMARRELVPDAPVYKGGVTRSATEWNKLCRGNLDRMVTDTKMLLIEGMKLAQKTFVAARQVLGWAVDEIDQFIIHQVSQPHTQAFIKTFGIDPKKVMTIFGEHGNIGPASVPIVLSKLKELGRLKKGDRIALLGIGSGLNCTMAEVVW,Pseudoxanthomonas
WP_117315975.1,MHFKNVVIQAPVAVNAPVSLSSQEIAQRLKPTMDRLGIRENLLAEISGIESRGLWDEHTSPSDAATLAAEEAIARSGIDRSRIGLVINTSVSRDFLEPSTACMVHGNLGLAPDCLNFDVANACLGFLNGMDIAARMLERAEVDYALIVDGESSRPLIEATIARLLSPEVEEAQFRAEFASLTLGSGSAAMIMARRELAPDGHSYRGSVTRAATRFNKLCQGNMDRMQTDTRGLLGAGLELAAETFAEARKSFGWAPDELDQFVIHQVSKVHTESLVQLLGLDPVKVHTIYPHMGNVGPASVPIVLSRVAEAGKLDTGSRVALLGIGSGLNCSMAEVVW,Chromatocurvus halotolerans
WP_056164922.1,MSLDGNATTTHRNVALLSVASTMAERVTTSEEIDSRLAPVLKRLKLPTGLLQRVAGVRERRNWEEGATFDDAAISAGKRAMAEAGIRPDQVGLLINTSVTRPHLEPSVAVRIHHGLGLPTSAINFDITNACLGFVNGMTLASGLIDSGQIDYAIIVDGEDADQIQINTIERLGREGINRKQFMSEFASLTLGSGAAAAVLGRADQHPEAHRILGGITRAATQFNELCVGSVDGMFTDAKALLRGGMELVTSAWKDALKTWDWKSMDRYIMHQVSDVHTDAIVKAVGLDRSRVPLTYPTLGNVGPASIPITLAEQASTLKRGDRVLLMGVGSGLNTSMMELAW,Leifsonia sp. Leaf325
WP_086472704.1,MVTGNATTRFDNVAMLSVASTLPSAVVTSVEIEEGLAAAMKRARLPKGILRRVAGVVERRHWGPDENSDDATVSAGRRALAEAGISPSQIGLMINTSVTRQHLEPSVAVRIHDGLGLPSSAINFDIANACLGFVTGMTMAAAMIESGQIEYALIVNGEDASEVHANTIERLSGSTIDRDDFMSEFASLTLGSGAAAAVIGPADRHPEGHRILGGVTRAATEFNHLCVGSVDGMFTDARALLKGGLDLVVSAWKEAAGDSWRWSKMDRYITHQVSSIHTDSMVKAASLDRSRVPVTYPYLGNVGPASIPITLADQQSTLNKGDRVLLMGVGSGLNTGLMELAW,Plantibacter sp. VKM Ac-1784
WP_070193933.1,MSGNATYRHTNAAVLSVCAVDAPVVVTSDDFDRQLLSTYERVGLKPGMLAKLAGIHERRWWPEGVSFTEGAATAGAKALAEAGVDPSRVGLMVNTSVSREHLEPSVAVEIHHNMGMPTSCINFDLANACLGFVNGMQLAASMIDSGQIDYAVIVNGESSRHTQEVTIERLAGPDATAEDVMSQFATLTLGSGAAAMVLGRADLHPEGHRIVGGVTRAGTEHHNLCVGDLEWMRTDTRGLLDAGIALASDTWNDAKAEFEWSNMDRYVAHQISQVHTKAMCKALDIPADRLPLTFPTRGNMGPAAIAFTLATQVDSLSPGDRVVLLGVGSGLNVSCLEIAW,Humibacillus sp. DSM 29435
WP_106091803.1,MRFDHVSICSVAHVDAPDRVTSAELERRLAGTMKRLHVPTGLLESLTGITARRMWPEGTQPSDAATLAASRALAAADLDPQRVGALINTSVCRDYVEPSTACLVHAKLGLAPTCINFDVGNACLGFLNGMEIIGNMIERGQLDYGLVVDGESSRYVVDQTIARLSSDTADQAAFWANFATLTLGSAGVAMVLTRSDLAPNGHRFLGGVTVAATEHSDLCRGQVDRMETNSGDLLNTGLELAQRTWAAAQRELGWSPGSLDEYVIHQVSKVHTDKFRAAFEIDPQRLLATYPEYGNVGPAGVPLVLSKAAELGRLRAGDRVALMGIGSGLNCAMAEVVW,Enhygromyxa salina
WP_033420292.1,MQKRSEGNTTFHHRNAALLSVAEVEAPLVLTSKDLDKRLADALKRLKLPSGLLQRVAGVKARRNWRSDDEVRAGTVEAGRRALEAAGVSTEDISVMINTSVTREHLEPSVAVGVHHELGLPSSAMNFDITNACLGFVNAMTLAATMIDAGQARYVLIVNGEDARKVQDATVERINALEEVSRQDFMTEFASLTLGCGAAAAVIGPADEHPEGHRIVGGVTRAATQHHELCVGDHRGMFTDARGLLDGGLELVMNAWEDAKKHFSWQSMDAYVTHQVSQLHTSSIIKAAKLDKKKVPVTYPELGNVGPASLPITLAREAKNLVTGSRVLCMGVGSGLNTAMVEIEW,Nesterenkonia alba
WP_096909276.1,MKYTKVAIHSFDYLEPDEFLTSDDIETKLAPVYKRLNLPAGRLELMTGIKSRGLWANGMRPSELSTRAAERVLEKSGIDRNEIGLLIHASVCRDFLEPSTASVVHHNLELNEDAMIYDLSNACLGVVNAMAMASNMIELGQIKYALIVSGENGGPLLTQTIEHLNNDETLTRKSIKKYIANLTIGSAAVAYLLCDSSLAPDAPRILGGAVSTDSSANILCQGDGDTTSLMMETDSEELLKHGLELAKKNWNKTKQELSLENKDIDWVVGHQVGTAHETLTMKAMELQDHKTFTTYETLGNTGSAALPITLAKLSEKQKIKKGEKVALLGIGSGLTSIMLGVQW,Halobacteriovorax marinus
WP_058859095.1,MTGNSTMRHRNAALLAITKVEADEVVPSSQADEVLAGTFERLRMPKGLLERLAGVKERREWAPGRHFTDGAVEAGQAALEQAGVRPEQVGLLINASVTRDGYEPAVSVSVHHRLGLPSSALNFDVTNACLGFVNGLTIAATMIDAGAIDYAVVVAGEDPRPWHRETYERLQAPGVTRADVVREFATLTLGCGAAAAVVGPADRHPEGHRVAGSVTRSATEHHGLCIGGFDGMFTDATGLLKHGVGLLEQAWNDAHADGWDWQEMDRYIGHQVSMSHTNKLFADVGIDPDRFPVTFPFWGNVAAAALPMTLALEAESLGAGDRVLLLGVGSGLNATYMEIDW,Kocuria flava
WP_101686474.1,MIPNTAFDHKNAAILSVSAVEAQVPVTSDSIDEMLSPARKRLRLPKGTLQRVAGVYERRWWKDPENGWKQGAVIAAERAMASAGITREDVGVLINASVSRQHLEPAMSAHIHAALGMPASCMNFDITNACLGFVNAMTLAAGLIDAGQIDYALIVGAEDVEEVQRRTIARLNDKNSTRQDFNNQFASLTLGSGAAAAVVGRFDKHPDGHRIVHTQTRAGTEHHELCIGNMDDMRTDTAGLLENGLELVTQTWRAAEESGRNYSNKQWYITHQVSMVYTRAFAKAMGINPEIIPVTFPELGNIAAEAVPLTLALNQDRFAKGDELLLLGVGSGLNTAMMEVQW,Dermabacter hominis
WP_126985334.1,MGNGNTGIVHSNTSLLAVEGTLPQVTVTSDEIDEMLAPARKRLRLPKGVLQRVAGVYERKWWRDRENGWKQGVVLAAERAMAKAGIMRDQVGLLINASVSRKHLEPAVSTGIHHSLGLPPACMNFDITNACLGFVNAMTMAAGMIDSGQIKYALIVGAEDVEQVQRGTIERLNAKGSTRADFNNQFASLTLGSGAAAAVLGPADVHPEGHRLKVTQARSGTEHHELCVANMDDMRTDSNGLLENGINLIVDTWKAANESGLDFRSIDYVIPHQVSMVYTRNFSKITGVGMERIPVTFPDWGNIAAEAVPMTLAHIQDDIERGQRVLLMGVGSGLNTAMMEVQW,Brachybacterium paraconglomeratum
OGN97459.1,MQYRKVCVESFGYELPENIVTSVSLEEKLAPIYGKFNLSYGRLEMMTGIRERRFWDDGATPSQASIRAAEKAIAKSGVKKEDIGCLLHTSVSRDFLEPATATVVHDSLGLPPTATIFDISNACLGFINGMVTLANMIELGQIKAGIVVGCESSRPMVNATIDRLLRDPDITRDKLKLAFPTFTLGSGAVAAVLTHSSLSQDGHKLLGGVTRAASQHNGLCRIEADVSFLDLAELPNMHTDYDGVLKNGLRLAPDTWKDTKQEIGWNDSDISRFFTHQVSAVHSKLLFQALGLDATKDFSTVEYLGNIGSVSLPITMAIGIERGYLKPGDKAAMLGIGSGLVCLMLGLQW,Chloroflexi bacterium RBG 13 51 36
WP_104244666.1,MTNSNATFRHQNSALLAVKARLAPLVVTSEEIDVRLADALTRLRLPTGLLQRVAGVISRRNWDDTTTFDEAAAGAASEALKEANVDPQDVGLLINTSVTRKHLEPSVAVGIHHALGLPSSAMNFDITNACLGFVNGMTLASQMIDSGQIKYAVIVDGEDSNEIQANTIARLSQPGISRKDFVNEFASLTLGSGAAAAVLGPADAHPEGHRIMGGISRAGTEHHLLCVGDKDGMFTHTKELLAGGMALVVEAWKEAKGSWDWQKMDRYILHQVSDVHTDSIVKAAKLDRKRIPLTYPSLGNVGPASLPMTLALEASKLVKGNRVLCMGVGSGINTAMTEIVW,Subtercola sp. Z020
WP_022969495.1,MLFTHVAIAGLAHIDAPHALSSADINARLQPTMDRLGIKTDVLQDIAGIFSRRMWDDETQSSDAATMAAEKALLDANVPRDKIGLLVNTSVSRDFLEPSTASIVSGNLGLGENCQNFDVANACLAFLNGMDIASRMIERGDIEYALVVDGETANLVYEKTLTRLSDPNVTEEQFRNELASLTLGCGAAAMVLARAELVPDAPRYKGGVTKAATQWNTLCRGNLDRMVTDTRMLLIEGLKLAQKTFVAARLALGWAVEEMDQFVIHQVSRVHTEAFIKAFGIDPAKVLTIFNEHGNIGPASVPIVLSKLKEMGRLKKGNRIALLGIGSGLNCSMAEVVW,Arenimonas oryziterrae
WP_114959563.1,MLFHHVAIAGLAHIDAPRRLTSEEINARLKPTLDRLGIRVDVLGDVAGVHARRLWDGDVQASDAATLAGVKALADAGIDPDKVGLLVNTSVSRDFLEPSTASIVSGNLGLPDTCQNFDVANACLAFINGMDIAARMIERGEIEYALVVDGETANLAYEKTLERMTRADVTEEDFKNELATLTLGSGAAAMVLARAELAPGAPRYKGGVTRAATEWNKLCRGNIDGMITDTRMLLVEGIKLATKTFEVAKQKLGWVASELDEFVIHQVSKVHTAAFTKAMGIDPKKVMTIFAEHGNIGPASVPIVLSKLREMGRLKKGSRVALLGIGSGLNCSMAEVEW,Thermomonas haemolytica
WP_028771085.1,MLFQHVSIAGLAHLDAPHTLSSEEINRRLKPTLDRLGIKTDVLREVAGINARRLWDDGKPTADAATEVARKAIAEAGIEPGKIGILINTSVSRDFLEPSVASIVSGQLGLPDTCQNFDVANACLAFINGMDIAGRMIERGEVDYALIVNAENANVVYEKTIERLNREGITHEEFRNEFASLTLGCGAAAMVLARRELVPDAPQYKGGVTRAATQWSHLCRGNLDRMVTDTKLLLIEGIKLAQLTFAAAKQALGWAVEEMDEFVIHQISRAHTEAFLKTFGIDPKKVLTIFHEHGNIGPASVPIVLSKLKEMGRLKKGKRIALLGIGSGLNCSMAEVVW,Silanimonas lenta
WP_116651321.1,MLFDNVVIKSVASVDAPHTVTSEEIRERLAPTFKKLRLRGNPLIDLAGIEERRFWDEGVLPSQAATMAAEKALARADIDPDRVGILINTSVSRDFLEPSTACMVHGNLKLPNTCESFDVGNACLAFINGMNIAAHMLDRGEIDYALIVNAENSREINEITINRLLEPKVTRKQFKSEFASLTLGCGAAAMIMSRGDLEPDGHQYKGGVSRAATEFNNLCRGWNHQMWTDTKSLLREGMKLAGATYSTARQVLGWVANELDHVVIHQVSRVHTEAFIRAFGVQPERVYRIFPKFGNIGPASIPTVLSKIVDENRIQRGDKVALMGIGSGLNCCMAEVIW,Wenzhouxiangella sediminis
WP_003480168.1,MLFNNVSIAGLAHIDAPHTLTSKQINERLQPTYDRLGIRTDVLGDVAGIHARRMWDADMQASDAATLAARKAMTDAGITAGQVGLLVNTSVSRDYLEPSTASIVSGNLGVGEECVTFDVANACLAFINGMDIAARMIERGEVDYALVVDGETANLVYEKTLERMTSPDVTAQEFRDELAALTLGCGAAAMVMARAELVPDAPRYRGGVTRSATEWNTLCRGNLDRMVTDTRMLLIEGLKLAQKTFVAAMQALGWVVDELDQFVIHQVSLPHTQAFIKNFGIDPKKVMTIFGEHGNIGPASVPIVLSKLRELGRLKKGDRIALMGIGSGLNCSMAEVVW,Xanthomonas translucens
WP_053234550.1,MLFSSVSVASVAYVDAPHRVSSRELEDRLSPLLKRLGLAPGIIASLSGVQARRFWDEGVQPSEVAAQAGEKAIVASGIDRARIGVLVNTSVCRDFVEPSTASIVHRHLGLSPRCRNFDLANACLGFLDGMELVAAMIERGAIDAALVVDGEGSRFAVEKTIDRLNASGDARALGEEFATLTLGSGAAAMVLCRRDLAPAAHAFRGGVSLAATDWNHLCRGHADRMVTDAQKLLTQGLDLASKTFELARTELGWSPDVLDEVVIHQVSRQHTEKLAAQLGVAPAKIHAIFPEHGNVGPASVPMVLAKAAEIGRLRSGMRVALMGIGSGLNCAMAEIVW,Sandaracinus amylolyticus
WP_119951226.1,MPNAGQRYSDVVISGLAHLDAPQVLTSEAIEDRLAPAMKRLGVGRGLLGRLVGISQRRVWDEGTPPSDPAAEAGRRAIERSGVPAEQLGMLVNTSVSRDFLEPSTASIVHGKLGLPTTAMNFDLGNACLGFVNGMNLVSTMIERGEIDHGIVVNAESSRFVVESTIERLLTKGTPEVLREQFATLTLGSGAVAMVLSRKGTVDDGHAYLGGLSRASTQHAHLCTGHAHEMLTDLRGLLDAGIELGHLTWKEAVDAYGWDPDGFDLYALHQVSLVHTRAVCDTLGIDPQRVPLIFPEHGNMGPASVPYVLSKAAEEGRLRRGDKAVLMGIGSGLNACAAEVHW,Frankiales bacterium YIM 75000
WP_101620581.1,MANGNATFRHSNVALLGLTEILAPNVVTSQEFDERLADTLSTLNLPTGLLQRVAGVNARRNWDEPSQFADGAIAAGKKALAEAGVSPDSIGLMVNTSVTREHLEPSVAVGVHAGIGLGSRAMNFDIANACLGFVNGMTLAANMIDAGQIEYALVVAGEDASRVQEATLRRLTRPGISREEYLNEFASLTLGSGASAAVLGPADKHPNGHRILGGITRAATQHHELCVGDHNGMFTDTKGLLAGGMELVVAAWEEAHEDGWDWREMDRYIMHQVSDVHVNSITKAANLDPDRIPVTYPELGNVGPASLPITLSREASHLKRGDRILCMGVGSGLNTAMTEIEW,Brevibacterium antiquum
WP_100422947.1,MVHQNVALLALATTLPDDVTTSDEIDERLGETLRRLRVPRRMLQRVAGVHERRRWAKDQSFVSAAVAAGEKALAEAGVAPSEVGLIINTSVTRPHLEPSVAVRMHDGLGLPSSAMNFDIANACLGFVNGMTVAASMIDAGQIRYAIVIDGEDADEMQDRTIERLSRPTTTREDFMNEFASLTLGSGAAAVVLGPADAHPVGHRILGGVTRAATQFHEVCVGSVDGMITDTKALLKGGMELVVAAWKDAREHFSWSSMDRYILHQVSDVHTDAIVKAARLDRSKVPLTYPRHGNVGPASIPITLAEQAPSLAPGDRVLLMGVGSGLNTSMMEIAW,Sediminihabitans luteus